x,y,theta1,theta2,theta3
7.287560663516063,-0.929594254367554,0.3490658503988659,-0.5235987755982988,-1.5707963267948966
7.5193536700934684,-0.9430946596266141,0.3490658503988659,-0.5235987755982988,-1.3380857598623195
7.748012073894083,-0.9027760136708349,0.3490658503988659,-0.5235987755982988,-1.105375192929742
7.961208841182993,-0.8108119051397844,0.3490658503988659,-0.5235987755982988,-0.8726646259971648
8.147450479051727,-0.6721601429283947,0.3490658503988659,-0.5235987755982988,-0.6399540590645875
8.29669665259593,-0.4942954794261517,0.3490658503988659,-0.5235987755982988,-0.40724349213201017
8.400901461968902,-0.28680664468101463,0.3490658503988659,-0.5235987755982988,-0.17453292519943295
8.454447198924935,-0.060879415480575946,0.3490658503988659,-0.5235987755982988,0.058177641733144485
8.454447198924935,0.17130641276988445,0.3490658503988659,-0.5235987755982988,0.2908882086657217
8.400901461968902,0.39723364197032285,0.3490658503988659,-0.5235987755982988,0.5235987755982988
7.537170076121953,-0.07654561302069429,0.3490658503988659,-0.3490658503988659,-1.5707963267948966
7.767785946864393,-0.04959048360051832,0.3490658503988659,-0.3490658503988659,-1.3380857598623195
7.985969256322415,0.029821746655893655,0.3490658503988659,-0.3490658503988659,-1.105375192929742
8.179957685808493,0.15740994386032758,0.3490658503988659,-0.3490658503988659,-0.8726646259971648
8.339293268876997,0.32629579527651964,0.3490658503988659,-0.3490658503988659,-0.6399540590645875
8.455386183002227,0.5273746209401489,0.3490658503988659,-0.3490658503988659,-0.40724349213201017
8.52197782913416,0.7498062093123754,0.3490658503988659,-0.3490658503988659,-0.17453292519943295
8.53547823439322,0.9815992158897817,0.3490658503988659,-0.3490658503988659,0.058177641733144485
8.495159588437442,1.210257619690396,0.3490658503988659,-0.3490658503988659,0.2908882086657217
8.403195479906392,1.4234543869793055,0.3490658503988659,-0.3490658503988659,0.5235987755982988
7.634857018849923,0.8068875223017494,0.3490658503988659,-0.17453292519943295,-1.5707963267948966
7.8572886072221495,0.8734791684336835,0.3490658503988659,-0.17453292519943295,-1.3380857598623195
8.05836743288578,0.9895720825589136,0.3490658503988659,-0.17453292519943295,-1.105375192929742
8.227253284301971,1.1489076656274182,0.3490658503988659,-0.17453292519943295,-0.8726646259971648
8.354841481506405,1.3428960951134954,0.3490658503988659,-0.17453292519943295,-0.6399540590645875
8.434253711762816,1.5610794045715173,0.3490658503988659,-0.17453292519943295,-0.40724349213201017
8.461208841182993,1.7916952753139574,0.3490658503988659,-0.17453292519943295,-0.17453292519943295
8.434253711762816,2.022311146056398,0.3490658503988659,-0.17453292519943295,0.058177641733144485
8.354841481506405,2.2404944555144195,0.3490658503988659,-0.17453292519943295,0.2908882086657217
8.227253284301971,2.434482885000497,0.3490658503988659,-0.17453292519943295,0.5235987755982988
7.577653323377163,1.6938624828217415,0.3490658503988659,0.0,-1.5707963267948966
7.7851421581223,1.7980672921947134,0.3490658503988659,0.0,-1.3380857598623195
7.963006821624543,1.9473134657389164,0.3490658503988659,0.0,-1.105375192929742
8.101658583835933,2.13355510360765,0.3490658503988659,0.0,-0.8726646259971648
8.193622692366983,2.3467518708965596,0.3490658503988659,0.0,-0.6399540590645875
8.233941338322762,2.575410274697174,0.3490658503988659,0.0,-0.40724349213201017
8.220440933063701,2.8072032812745804,0.3490658503988659,0.0,-0.17453292519943295
8.153849286931768,3.0296348696468067,0.3490658503988659,0.0,0.058177641733144485
8.037756372806538,3.230713695310436,0.3490658503988659,0.0,0.2908882086657217
7.878420789738033,3.399599546726628,0.3490658503988659,0.0,0.5235987755982988
7.367297095044146,2.5574289831948662,0.3490658503988659,0.17453292519943295,-1.5707963267948966
7.553538732912879,2.696080745406256,0.3490658503988659,0.17453292519943295,-1.3380857598623195
7.702784906457082,2.873945408908499,0.3490658503988659,0.17453292519943295,-1.105375192929742
7.806989715830054,3.081434243653636,0.3490658503988659,0.17453292519943295,-0.8726646259971648
7.860535452786088,3.307361472854075,0.3490658503988659,0.17453292519943295,-0.6399540590645875
7.860535452786088,3.5395473011045353,0.3490658503988659,0.17453292519943295,-0.40724349213201017
7.806989715830054,3.765474530304974,0.3490658503988659,0.17453292519943295,-0.17453292519943295
7.702784906457082,3.972963365050111,0.3490658503988659,0.17453292519943295,0.058177641733144485
7.553538732912879,4.150828028552354,0.3490658503988659,0.17453292519943295,0.2908882086657217
7.367297095044146,4.289479790763743,0.3490658503988659,0.17453292519943295,0.5235987755982988
7.010179901403383,3.371347992293024,0.3490658503988659,0.3490658503988659,-1.5707963267948966
7.169515484471887,3.5402338437092156,0.3490658503988659,0.3490658503988659,-1.3380857598623195
7.285608398597117,3.741312669372845,0.3490658503988659,0.3490658503988659,-1.105375192929742
7.352200044729051,3.963744257745071,0.3490658503988659,0.3490658503988659,-0.8726646259971648
7.365700449988111,4.1955372643224775,0.3490658503988659,0.3490658503988659,-0.6399540590645875
7.325381804032332,4.424195668123092,0.3490658503988659,0.3490658503988659,-0.40724349213201017
7.233417695501282,4.637392435412002,0.3490658503988659,0.3490658503988659,-0.17453292519943295
7.094765933289892,4.8236340732807355,0.3490658503988659,0.3490658503988659,0.058177641733144485
6.916901269787649,4.972880246824938,0.3490658503988659,0.3490658503988659,0.2908882086657217
6.709412435042513,5.07708505619791,0.3490658503988659,0.3490658503988659,0.5235987755982988
6.5171525676736275,4.110888992887657,0.3490658503988659,0.5235987755982988,-1.5707963267948966
6.644740764878062,4.304877422373734,0.3490658503988659,0.5235987755982988,-1.3380857598623195
6.724152995134474,4.523060731831756,0.3490658503988659,0.5235987755982988,-1.105375192929742
6.75110812455465,4.753676602574196,0.3490658503988659,0.5235987755982988,-0.8726646259971648
6.724152995134474,4.9842924733166365,0.3490658503988659,0.5235987755982988,-0.6399540590645875
6.644740764878062,5.202475782774658,0.3490658503988659,0.5235987755982988,-0.40724349213201017
6.517152567673628,5.396464212260735,0.3490658503988659,0.5235987755982988,-0.17453292519943295
6.348266716257436,5.55579979532924,0.3490658503988659,0.5235987755982988,0.058177641733144485
6.147187890593806,5.67189270945447,0.3490658503988659,0.5235987755982988,0.2908882086657217
5.924756302221581,5.7384843555864045,0.3490658503988659,0.5235987755982988,0.5235987755982988
5.903195479906391,4.753581405901499,0.3490658503988659,0.6981317007977318,-1.5707963267948966
5.995159588437442,4.966778173190408,0.3490658503988659,0.6981317007977318,-1.3380857598623195
6.035478234393221,5.195436576991023,0.3490658503988659,0.6981317007977318,-1.105375192929742
6.021977829134161,5.427229583568429,0.3490658503988659,0.6981317007977318,-0.8726646259971648
5.9553861830022266,5.6496611719406555,0.3490658503988659,0.6981317007977318,-0.6399540590645875
5.839293268876997,5.850739997604284,0.3490658503988659,0.6981317007977318,-0.40724349213201017
5.679957685808493,6.019625849020477,0.3490658503988659,0.6981317007977318,-0.17453292519943295
5.485969256322415,6.147214046224911,0.3490658503988659,0.6981317007977318,0.058177641733144485
5.267785946864393,6.226626276481323,0.3490658503988659,0.6981317007977318,0.2908882086657217
5.037170076121953,6.253581405901499,0.3490658503988659,0.6981317007977318,0.5235987755982988
5.186963413536205,5.279897347583179,0.3490658503988659,0.8726646259971648,-1.5707963267948966
5.240509150492239,5.505824576783617,0.3490658503988659,0.8726646259971648,-1.3380857598623195
5.240509150492239,5.738010405034077,0.3490658503988659,0.8726646259971648,-1.105375192929742
5.186963413536205,5.963937634234516,0.3490658503988659,0.8726646259971648,-0.8726646259971648
5.082758604163233,6.171426468979654,0.3490658503988659,0.8726646259971648,-0.6399540590645875
4.9335124306190306,6.349291132481897,0.3490658503988659,0.8726646259971648,-0.40724349213201017
4.747270792750297,6.487942894693286,0.3490658503988659,0.8726646259971648,-0.17453292519943295
4.534074025461387,6.579907003224337,0.3490658503988659,0.8726646259971648,0.058177641733144485
4.305415621660773,6.6202256491801155,0.3490658503988659,0.8726646259971648,0.2908882086657217
4.073622615083367,6.606725243921056,0.3490658503988659,0.8726646259971648,0.5235987755982988
4.390218717468812,5.673844974373416,0.3490658503988659,1.0471975511965976,-1.5707963267948966
4.403719122727873,5.9056379809508215,0.3490658503988659,1.0471975511965976,-1.3380857598623195
4.363400476772093,6.134296384751436,0.3490658503988659,1.0471975511965976,-1.105375192929742
4.2714363682410434,6.347493152040346,0.3490658503988659,1.0471975511965976,-0.8726646259971648
4.132784606029653,6.533734789909079,0.3490658503988659,1.0471975511965976,-0.6399540590645875
3.9549199425274106,6.682980963453282,0.3490658503988659,1.0471975511965976,-0.40724349213201017
3.7474311077822735,6.787185772826254,0.3490658503988659,1.0471975511965976,-0.17453292519943295
3.521503878581835,6.840731509782288,0.3490658503988659,1.0471975511965976,0.058177641733144485
3.2893180503313744,6.840731509782288,0.3490658503988659,1.0471975511965976,0.2908882086657217
3.0633908211309357,6.787185772826254,0.3490658503988659,1.0471975511965976,0.5235987755982988
7.343324332075831,-0.2197126671880617,0.44602858662077316,-0.5235987755982988,-1.5707963267948966
7.5753355455556015,-0.21070957549707858,0.44602858662077316,-0.5235987755982988,-1.3380857598623195
7.799016610919404,-0.1484436952891599,0.44602858662077316,-0.5235987755982988,-1.105375192929742
8.002308824035788,-0.03627179628323729,0.44602858662077316,-0.5235987755982988,-0.8726646259971648
8.174252649075422,0.1197589054106668,0.44602858662077316,-0.5235987755982988,-0.6399540590645875
8.30557854992442,0.31123675427719166,0.44602858662077316,-0.5235987755982988,-0.40724349213201017
8.389206713275568,0.5278391299217491,0.44602858662077316,-0.5235987755982988,-0.17453292519943295
8.420628723196263,0.7578889422079063,0.44602858662077316,-0.5235987755982988,0.058177641733144485
8.398150610998396,0.9889841462091413,0.44602858662077316,-0.5235987755982988,0.2908882086657217
8.322984177528799,1.2086663396609838,0.44602858662077316,-0.5235987755982988,0.5235987755982988
7.5091768965778085,0.6534939350621147,0.44602858662077316,-0.3490658503988659,-1.5707963267948966
7.73609996793295,0.70264857397953,0.44602858662077316,-0.3490658503988659,-1.3380857598623195
7.94557045867632,0.8028103049354395,0.44602858662077316,-0.3490658503988659,-1.105375192929742
8.126295760432528,0.948579383088112,0.44602858662077316,-0.3490658503988659,-0.8726646259971648
8.268532925404896,1.1320973597034176,0.44602858662077316,-0.3490658503988659,-0.6399540590645875
8.364613911213045,1.3434707331601674,0.44602858662077316,-0.3490658503988659,-0.40724349213201017
8.40935896704242,1.5713043101833495,0.44602858662077316,-0.3490658503988659,-0.17453292519943295
8.400355875351439,1.803315523663121,0.44602858662077316,-0.3490658503988659,0.058177641733144485
8.33808999514352,2.0269965890269233,0.44602858662077316,-0.3490658503988659,0.2908882086657217
8.225918096137598,2.230288802143307,0.44602858662077316,-0.3490658503988659,0.5235987755982988
7.520879052748842,1.542234562526691,0.44602858662077316,-0.17453292519943295,-1.5707963267948966
7.735819039284842,1.6300472098404806,0.44602858662077316,-0.17453292519943295,-1.3380857598623195
7.924714300543727,1.7650614280335668,0.44602858662077316,-0.17453292519943295,-1.105375192929742
8.07738144409731,1.939998565656033,0.44602858662077316,-0.17453292519943295,-0.8726646259971648
8.185590144720205,2.1454277163378612,0.44602858662077316,-0.17453292519943295,-0.6399540590645875
8.24350684335305,2.3702741413924406,0.44602858662077316,-0.17453292519943295,-0.40724349213201017
8.24800923578137,2.6024163118457504,0.44602858662077316,-0.17453292519943295,-0.17453292519943295
8.198854596863955,2.829339383200893,0.44602858662077316,-0.17453292519943295,0.058177641733144485
8.098692865908045,3.0388098739442624,0.44602858662077316,-0.17453292519943295,0.2908882086657217
7.952923787755372,3.2195351757004707,0.44602858662077316,-0.17453292519943295,0.5235987755982988
7.378075236495243,2.4195052809646147,0.44602858662077316,0.0,-1.5707963267948966
7.574501295486089,2.5433077938214916,0.44602858662077316,0.0,-1.3380857598623195
7.737081840332749,2.7090721605524495,0.44602858662077316,0.0,-1.105375192929742
7.857052111780137,2.907861981240513,0.44602858662077316,0.0,-0.8726646259971648
7.927944481441374,3.1289604451975626,0.44602858662077316,0.0,-0.6399540590645875
7.94593712331822,3.3604480770024687,0.44602858662077316,0.0,-0.40724349213201017
7.9100600494298705,3.5898453185062893,0.44602858662077316,0.0,-0.17453292519943295
7.82224740211608,3.804785305042291,0.44602858662077316,0.0,0.058177641733144485
7.687233183922994,3.9936805663011743,0.44602858662077316,0.0,0.2908882086657217
7.512296046300528,4.1463477098547585,0.44602858662077316,0.0,0.5235987755982988
7.085104469511666,3.2586506635165504,0.44602858662077316,0.17453292519943295,-1.5707963267948966
7.2570482945513,3.414681365210454,0.44602858662077316,0.17453292519943295,-1.3380857598623195
7.3883741954002975,3.606159214076979,0.44602858662077316,0.17453292519943295,-1.105375192929742
7.472002358751445,3.822761589721537,0.44602858662077316,0.17453292519943295,-0.8726646259971648
7.503424368672141,4.052811402007694,0.44602858662077316,0.17453292519943295,-0.6399540590645875
7.480946256474275,4.283906606008928,0.44602858662077316,0.17453292519943295,-0.40724349213201017
7.405779823004677,4.503588799460771,0.44602858662077316,0.17453292519943295,-0.17453292519943295
7.281977310147799,4.700014858451617,0.44602858662077316,0.17453292519943295,0.058177641733144485
7.116212943416842,4.862595403298277,0.44602858662077316,0.17453292519943295,0.2908882086657217
6.917423122728779,4.982565674745665,0.44602858662077316,0.17453292519943295,0.5235987755982988
6.650868520302543,4.034173702361713,0.44602858662077316,0.3490658503988659,-1.5707963267948966
6.79310568527491,4.217691678977018,0.44602858662077316,0.3490658503988659,-1.3380857598623195
6.88918667108306,4.429065052433768,0.44602858662077316,0.3490658503988659,-1.105375192929742
6.933931726912436,4.6568986294569505,0.44602858662077316,0.3490658503988659,-0.8726646259971648
6.924928635221453,4.888909842936721,0.44602858662077316,0.3490658503988659,-0.6399540590645875
6.862662755013535,5.112590908300524,0.44602858662077316,0.3490658503988659,-0.40724349213201017
6.750490856007612,5.315883121416908,0.44602858662077316,0.3490658503988659,-0.17453292519943295
6.594460154313707,5.487826946456542,0.44602858662077316,0.3490658503988659,0.058177641733144485
6.402982305447183,5.619152847305539,0.44602858662077316,0.3490658503988659,0.2908882086657217
6.186379929802626,5.702781010656687,0.44602858662077316,0.3490658503988659,0.5235987755982988
6.0885614284506016,4.722510522398379,0.44602858662077316,0.5235987755982988,-1.5707963267948966
6.196770129073495,4.927939673080207,0.44602858662077316,0.5235987755982988,-1.3380857598623195
6.254686827706339,5.152786098134786,0.44602858662077316,0.5235987755982988,-1.105375192929742
6.25918922013466,5.384928268588097,0.44602858662077316,0.5235987755982988,-0.8726646259971648
6.210034581217245,5.611851339943239,0.44602858662077316,0.5235987755982988,-0.6399540590645875
6.109872850261335,5.821321830686609,0.44602858662077316,0.5235987755982988,-0.40724349213201017
5.964103772108663,6.002047132442817,0.44602858662077316,0.5235987755982988,-0.17453292519943295
5.780585795493358,6.144284297415184,0.44602858662077316,0.5235987755982988,0.058177641733144485
5.569212422036608,6.240365283223333,0.44602858662077316,0.5235987755982988,0.2908882086657217
5.341378845013426,6.28511033905271,0.44602858662077316,0.5235987755982988,0.5235987755982988
5.415268610400645,5.3027463576649785,0.44602858662077316,0.6981317007977318,-1.5707963267948966
5.486160980061882,5.523844821622028,0.44602858662077316,0.6981317007977318,-1.3380857598623195
5.504153621938729,5.755332453426934,0.44602858662077316,0.6981317007977318,-1.105375192929742
5.468276548050379,5.984729694930755,0.44602858662077316,0.6981317007977318,-0.8726646259971648
5.380463900736588,6.199669681466756,0.44602858662077316,0.6981317007977318,-0.6399540590645875
5.245449682543502,6.38856494272564,0.44602858662077316,0.6981317007977318,-0.40724349213201017
5.070512544921037,6.541232086279225,0.44602858662077316,0.6981317007977318,-0.17453292519943295
4.865083394239209,6.649440786902118,0.44602858662077316,0.6981317007977318,0.058177641733144485
4.640236969184629,6.707357485534963,0.44602858662077316,0.6981317007977318,0.2908882086657217
4.4080947987313195,6.711859877963283,0.44602858662077316,0.6981317007977318,0.5235987755982988
4.651447727726513,5.757251035920434,0.44602858662077316,0.8726646259971648,-1.5707963267948966
4.682869737647208,5.9873008482065915,0.44602858662077316,0.8726646259971648,-1.3380857598623195
4.660391625449343,6.218396052207827,0.44602858662077316,0.8726646259971648,-1.105375192929742
4.585225191979744,6.4380782456596695,0.44602858662077316,0.8726646259971648,-0.8726646259971648
4.461422679122867,6.634504304650514,0.44602858662077316,0.8726646259971648,-0.6399540590645875
4.295658312391909,6.797084849497175,0.44602858662077316,0.8726646259971648,-0.40724349213201017
4.096868491703846,6.917055120944562,0.44602858662077316,0.8726646259971648,-0.17453292519943295
3.8757700277467966,6.987947490605801,0.44602858662077316,0.8726646259971648,0.058177641733144485
3.64428239594189,7.005940132482646,0.44602858662077316,0.8726646259971648,0.2908882086657217
3.41488515443807,6.970063058594296,0.44602858662077316,0.8726646259971648,0.5235987755982988
3.8203070914362485,6.072214662506415,0.44602858662077316,1.0471975511965976,-1.5707963267948966
3.811303999745266,6.304225875986186,0.44602858662077316,1.0471975511965976,-1.3380857598623195
3.749038119537347,6.527906941349988,0.44602858662077316,1.0471975511965976,-1.105375192929742
3.6368662205314246,6.731199154466372,0.44602858662077316,1.0471975511965976,-0.8726646259971648
3.4808355188375204,6.903142979506006,0.44602858662077316,1.0471975511965976,-0.6399540590645875
3.2893576699709954,7.0344688803550035,0.44602858662077316,1.0471975511965976,-0.40724349213201017
3.0727552943264382,7.118097043706151,0.44602858662077316,1.0471975511965976,-0.17453292519943295
2.842705482040281,7.149519053626847,0.44602858662077316,1.0471975511965976,0.058177641733144485
2.6116102780390458,7.127040941428981,0.44602858662077316,1.0471975511965976,0.2908882086657217
2.3919280845872035,7.051874507959383,0.44602858662077316,1.0471975511965976,0.5235987755982988
7.330101812746052,0.49223299052065017,0.5429913228426803,-0.5235987755982988,-1.5707963267948966
7.5601516250322085,0.5236550004413456,0.5429913228426803,-0.5235987755982988,-1.3380857598623195
7.776754000676766,0.6072831637924941,0.5429913228426803,-0.5235987755982988,-1.105375192929742
7.96823184954329,0.7386090646414909,0.5429913228426803,-0.5235987755982988,-0.8726646259971648
8.124262551237194,0.9105528896811252,0.5429913228426803,-0.5235987755982988,-0.6399540590645875
8.236434450243117,1.1138451027975094,0.5429913228426803,-0.5235987755982988,-0.40724349213201017
8.298700330451036,1.3375261681613113,0.5429913228426803,-0.5235987755982988,-0.17453292519943295
8.30770342214202,1.569537381641083,0.5429913228426803,-0.5235987755982988,0.058177641733144485
8.262958366312642,1.797370958664265,0.5429913228426803,-0.5235987755982988,0.2908882086657217
8.166877380504493,2.0087443321210143,0.5429913228426803,-0.5235987755982988,0.5235987755982988
7.410639442416732,1.3773942942230932,0.5429913228426803,-0.3490658503988659,-1.5707963267948966
7.631737906373782,1.4482866638843315,0.5429913228426803,-0.3490658503988659,-1.3380857598623195
7.830527727061845,1.5682569353317186,0.5429913228426803,-0.3490658503988659,-1.105375192929742
7.996292093792802,1.7308374801783795,0.5429913228426803,-0.3490658503988659,-0.8726646259971648
8.12009460664968,1.9272635391692245,0.5429913228426803,-0.3490658503988659,-0.6399540590645875
8.195261040119277,2.146945732621067,0.5429913228426803,-0.3490658503988659,-0.40724349213201017
8.217739152317144,2.3780409366223023,0.5429913228426803,-0.3490658503988659,-0.17453292519943295
8.186317142396447,2.6080907489084595,0.5429913228426803,-0.3490658503988659,0.058177641733144485
8.1026889790453,2.8246931245530167,0.5429913228426803,-0.3490658503988659,0.2908882086657217
7.971363078196303,3.016170973419541,0.5429913228426803,-0.3490658503988659,0.5235987755982988
7.336246877196433,2.263093221401581,0.5429913228426803,-0.17453292519943295,-1.5707963267948966
7.54167602787826,2.371301922024475,0.5429913228426803,-0.17453292519943295,-1.3380857598623195
7.716613165500727,2.5239690655780596,0.5429913228426803,-0.17453292519943295,-1.105375192929742
7.851627383693813,2.7128643268369435,0.5429913228426803,-0.17453292519943295,-0.8726646259971648
7.939440031007603,2.9278043133729446,0.5429913228426803,-0.17453292519943295,-0.6399540590645875
7.975317104895953,3.157201554876765,0.5429913228426803,-0.17453292519943295,-0.40724349213201017
7.957324463019107,3.3886891866816713,0.5429913228426803,-0.17453292519943295,-0.17453292519943295
7.886432093357868,3.609787650638721,0.5429913228426803,-0.17453292519943295,0.058177641733144485
7.7664618219104815,3.8085774713267844,0.5429913228426803,-0.17453292519943295,0.2908882086657217
7.603881277063821,3.9743418380577418,0.5429913228426803,-0.17453292519943295,0.5235987755982988
7.1091844975349145,3.122418258339078,0.5429913228426803,0.0,-1.5707963267948966
7.29270247415022,3.264655423311445,0.5429913228426803,0.0,-1.3380857598623195
7.438471552302893,3.445380725067653,0.5429913228426803,0.0,-1.105375192929742
7.538633283258802,3.654851215811023,0.5429913228426803,0.0,-0.8726646259971648
7.587787922176217,3.881774287166165,0.5429913228426803,0.0,-0.6399540590645875
7.583285529747897,4.113916457619475,0.5429913228426803,0.0,-0.40724349213201017
7.525368831115052,4.338762882674055,0.5429913228426803,0.0,-0.17453292519943295
7.417160130492158,4.544192033355882,0.5429913228426803,0.0,0.058177641733144485
7.264492986938574,4.7191291709783485,0.5429913228426803,0.0,0.2908882086657217
7.07559772567969,4.854143389171435,0.5429913228426803,0.0,0.5235987755982988
6.736351478939088,3.9292592486276874,0.5429913228426803,0.17453292519943295,-1.5707963267948966
6.892382180632992,4.101203073667321,0.5429913228426803,0.17453292519943295,-1.3380857598623195
7.004554079638915,4.304495286783705,0.5429913228426803,0.17453292519943295,-1.105375192929742
7.066819959846833,4.528176352147508,0.5429913228426803,0.17453292519943295,-0.8726646259971648
7.075823051537816,4.7601875656272785,0.5429913228426803,0.17453292519943295,-0.6399540590645875
7.03107799570844,4.988021142650461,0.5429913228426803,0.17453292519943295,-0.40724349213201017
6.93499700990029,5.199394516107211,0.5429913228426803,0.17453292519943295,-0.17453292519943295
6.792759844927923,5.382912492722516,0.5429913228426803,0.17453292519943295,0.058177641733144485
6.612034543171715,5.5286815708751895,0.5429913228426803,0.17453292519943295,0.2908882086657217
6.402564052428345,5.628843301831099,0.5429913228426803,0.17453292519943295,0.5235987755982988
6.229076164016373,4.659100737058731,0.5429913228426803,0.3490658503988659,-1.5707963267948966
6.35287867687325,4.855526796049576,0.5429913228426803,0.3490658503988659,-1.3380857598623195
6.428045110342849,5.075208989501419,0.5429913228426803,0.3490658503988659,-1.105375192929742
6.450523222540714,5.306304193502654,0.5429913228426803,0.3490658503988659,-0.8726646259971648
6.419101212620019,5.536354005788811,0.5429913228426803,0.3490658503988659,-0.6399540590645875
6.33547304926887,5.752956381433369,0.5429913228426803,0.3490658503988659,-0.40724349213201017
6.204147148419874,5.944434230299893,0.5429913228426803,0.3490658503988659,-0.17453292519943295
6.03220332338024,6.100464931993797,0.5429913228426803,0.3490658503988659,0.058177641733144485
5.8289111102638556,6.21263683099972,0.5429913228426803,0.3490658503988659,0.2908882086657217
5.605230044900053,6.2749027112076385,0.5429913228426803,0.3490658503988659,0.5235987755982988
5.602771856517002,5.289766859323845,0.5429913228426803,0.5235987755982988,-1.5707963267948966
5.6905845038307925,5.504706845859846,0.5429913228426803,0.5235987755982988,-1.3380857598623195
5.726461577719142,5.734104087363667,0.5429913228426803,0.5235987755982988,-1.105375192929742
5.708468935842296,5.9655917191685734,0.5429913228426803,0.5235987755982988,-0.8726646259971648
5.637576566181059,6.186690183125623,0.5429913228426803,0.5235987755982988,-0.6399540590645875
5.517606294733671,6.3854800038136865,0.5429913228426803,0.5235987755982988,-0.40724349213201017
5.355025749887011,6.5512443705446435,0.5429913228426803,0.5235987755982988,-0.17453292519943295
5.158599690896165,6.675046883401521,0.5429913228426803,0.5235987755982988,0.058177641733144485
4.938917497444322,6.750213316871119,0.5429913228426803,0.5235987755982988,0.2908882086657217
4.707822293443088,6.772691429068985,0.5429913228426803,0.5235987755982988,0.5235987755982988
4.876468495899076,5.802095144430461,0.5429913228426803,0.6981317007977318,-1.5707963267948966
4.92562313481649,6.0290182157856025,0.5429913228426803,0.6981317007977318,-1.3380857598623195
4.921120742388171,6.261160386238913,0.5429913228426803,0.6981317007977318,-1.105375192929742
4.863204043755325,6.4860068112934925,0.5429913228426803,0.6981317007977318,-0.8726646259971648
4.754995343132432,6.69143596197532,0.5429913228426803,0.6981317007977318,-0.6399540590645875
4.602328199578848,6.866373099597786,0.5429913228426803,0.6981317007977318,-0.40724349213201017
4.413432938319963,7.001387317790873,0.5429913228426803,0.6981317007977318,-0.17453292519943295
4.198492951783963,7.089199965104663,0.5429913228426803,0.6981317007977318,0.058177641733144485
3.9690957102801416,7.1250770389930125,0.5429913228426803,0.6981317007977318,0.2908882086657217
3.7376080784752355,7.107084397116166,0.5429913228426803,0.6981317007977318,0.5235987755982988
4.072234442247731,6.180518756686234,0.5429913228426803,0.8726646259971648,-1.5707963267948966
4.081237533938714,6.412529970166005,0.5429913228426803,0.8726646259971648,-1.3380857598623195
4.036492478109338,6.640363547189187,0.5429913228426803,0.8726646259971648,-1.105375192929742
3.9404114923011884,6.851736920645937,0.5429913228426803,0.8726646259971648,-0.8726646259971648
3.7981743273288213,7.035254897261242,0.5429913228426803,0.8726646259971648,-0.6399540590645875
3.617449025572613,7.181023975413915,0.5429913228426803,0.8726646259971648,-0.40724349213201017
3.407978534829243,7.281185706369825,0.5429913228426803,0.8726646259971648,-0.17453292519943295
3.181055463474101,7.33034034528724,0.5429913228426803,0.8726646259971648,0.058177641733144485
2.948913293020791,7.325837952858919,0.5429913228426803,0.8726646259971648,0.2908882086657217
2.724066867966212,7.267921254226074,0.5429913228426803,0.8726646259971648,0.5235987755982988
3.2145059403211,6.413539486124362,0.5429913228426803,1.0471975511965976,-1.5707963267948966
3.1830839304004046,6.643589298410519,0.5429913228426803,1.0471975511965976,-1.3380857598623195
3.0994557670492564,6.860191674055077,0.5429913228426803,1.0471975511965976,-1.105375192929742
2.9681298662002598,7.0516695229216015,0.5429913228426803,1.0471975511965976,-0.8726646259971648
2.7961860411606256,7.207700224615506,0.5429913228426803,1.0471975511965976,-0.6399540590645875
2.5928938280442413,7.319872123621429,0.5429913228426803,1.0471975511965976,-0.40724349213201017
2.3692127626804393,7.382138003829347,0.5429913228426803,1.0471975511965976,-0.17453292519943295
2.1372015492006677,7.3911410955203305,0.5429913228426803,1.0471975511965976,0.058177641733144485
1.9093679721774857,7.346396039690954,0.5429913228426803,1.0471975511965976,0.2908882086657217
1.6979945987207363,7.2503150538828045,0.5429913228426803,1.0471975511965976,0.5235987755982988
7.248017323273564,1.1995544104817308,0.6399540590645875,-0.5235987755982988,-1.5707963267948966
7.473944552474002,1.2531001474377654,0.6399540590645875,-0.5235987755982988,-1.3380857598623195
7.68143338721914,1.3573049568107374,0.6399540590645875,-0.5235987755982988,-1.105375192929742
7.8592980507213825,1.5065511303549401,0.6399540590645875,-0.5235987755982988,-0.8726646259971648
7.997949812932772,1.6927927682236739,0.6399540590645875,-0.5235987755982988,-0.6399540590645875
8.089913921463822,1.9059895355125835,0.6399540590645875,-0.5235987755982988,-0.40724349213201017
8.130232567419602,2.134647939313198,0.6399540590645875,-0.5235987755982988,-0.17453292519943295
8.116732162160542,2.3664409458906044,0.6399540590645875,-0.5235987755982988,0.058177641733144485
8.050140516028607,2.5888725342628307,0.6399540590645875,-0.5235987755982988,0.2908882086657217
7.934047601903377,2.78995135992646,0.6399540590645875,-0.5235987755982988,0.5235987755982988
7.242483414727154,2.0883548488374846,0.6399540590645875,-0.3490658503988659,-1.5707963267948966
7.455680182016064,2.180318957368535,0.6399540590645875,-0.3490658503988659,-1.3380857598623195
7.641921819884797,2.3189707195799247,0.6399540590645875,-0.3490658503988659,-1.105375192929742
7.791167993429,2.4968353830821677,0.6399540590645875,-0.3490658503988659,-0.8726646259971648
7.895372802801972,2.704324217827305,0.6399540590645875,-0.3490658503988659,-0.6399540590645875
7.948918539758006,2.9302514470277434,0.6399540590645875,-0.3490658503988659,-0.40724349213201017
7.948918539758006,3.162437275278204,0.6399540590645875,-0.3490658503988659,-0.17453292519943295
7.895372802801972,3.3883645044786426,0.6399540590645875,-0.3490658503988659,0.058177641733144485
7.791167993429,3.5958533392237797,0.6399540590645875,-0.3490658503988659,0.2908882086657217
7.641921819884797,3.7737180027260226,0.6399540590645875,-0.3490658503988659,0.5235987755982988
7.082695002256141,2.9626914582764208,0.6399540590645875,-0.17453292519943295,-1.5707963267948966
7.276683431742218,3.0902796554808547,0.6399540590645875,-0.17453292519943295,-1.3380857598623195
7.436019014810723,3.259165506897047,0.6399540590645875,-0.17453292519943295,-1.105375192929742
7.552111928935953,3.460244332560676,0.6399540590645875,-0.17453292519943295,-0.8726646259971648
7.6187035750678875,3.6826759209329025,0.6399540590645875,-0.17453292519943295,-0.6399540590645875
7.632203980326947,3.914468927510309,0.6399540590645875,-0.17453292519943295,-0.40724349213201017
7.5918853343711685,4.143127331310923,0.6399540590645875,-0.17453292519943295,-0.17453292519943295
7.499921225840118,4.356324098599833,0.6399540590645875,-0.17453292519943295,0.058177641733144485
7.361269463628728,4.542565736468567,0.6399540590645875,-0.17453292519943295,0.2908882086657217
7.183404800126485,4.6918119100127695,0.6399540590645875,-0.17453292519943295,0.5235987755982988
6.773507175916626,3.7959979633564096,0.6399540590645875,0.0,-1.5707963267948966
6.942393027332817,3.9553335464249137,0.6399540590645875,0.0,-1.3380857598623195
7.069981224537251,4.149321975910992,0.6399540590645875,0.0,-1.105375192929742
7.149393454793663,4.367505285369013,0.6399540590645875,0.0,-0.8726646259971648
7.176348584213839,4.5981211561114534,0.6399540590645875,0.0,-0.6399540590645875
7.149393454793663,4.828737026853894,0.6399540590645875,0.0,-0.40724349213201017
7.069981224537251,5.046920336311915,0.6399540590645875,0.0,-0.17453292519943295
6.942393027332817,5.240908765797993,0.6399540590645875,0.0,0.058177641733144485
6.773507175916625,5.400244348866497,0.6399540590645875,0.0,0.2908882086657217
6.572428350252996,5.516337262991727,0.6399540590645875,0.0,0.5235987755982988
6.324314451355336,4.562954767594033,0.6399540590645875,0.17453292519943295,-1.5707963267948966
6.462966213566726,4.749196405462767,0.6399540590645875,0.17453292519943295,-1.3380857598623195
6.554930322097777,4.962393172751677,0.6399540590645875,0.17453292519943295,-1.105375192929742
6.595248968053555,5.191051576552291,0.6399540590645875,0.17453292519943295,-0.8726646259971648
6.581748562794496,5.422844583129697,0.6399540590645875,0.17453292519943295,-0.6399540590645875
6.515156916662561,5.645276171501924,0.6399540590645875,0.17453292519943295,-0.40724349213201017
6.399064002537331,5.846354997165553,0.6399540590645875,0.17453292519943295,-0.17453292519943295
6.239728419468827,6.015240848581745,0.6399540590645875,0.17453292519943295,0.058177641733144485
6.045739989982749,6.142829045786179,0.6399540590645875,0.17453292519943295,0.2908882086657217
5.827556680524728,6.222241276042591,0.6399540590645875,0.17453292519943295,0.5235987755982988
5.748765322205586,5.240258276591398,0.6399540590645875,0.3490658503988659,-1.5707963267948966
5.852970131578558,5.447747111336534,0.6399540590645875,0.3490658503988659,-1.3380857598623195
5.906515868534592,5.673674340536974,0.6399540590645875,0.3490658503988659,-1.105375192929742
5.906515868534592,5.9058601687874335,0.6399540590645875,0.3490658503988659,-0.8726646259971648
5.852970131578558,6.131787397987872,0.6399540590645875,0.3490658503988659,-0.6399540590645875
5.748765322205586,6.33927623273301,0.6399540590645875,0.3490658503988659,-0.40724349213201017
5.599519148661384,6.517140896235253,0.6399540590645875,0.3490658503988659,-0.17453292519943295
5.41327751079265,6.655792658446642,0.6399540590645875,0.3490658503988659,0.058177641733144485
5.20008074350374,6.747756766977693,0.6399540590645875,0.3490658503988659,0.2908882086657217
4.971422339703126,6.7880754129334715,0.6399540590645875,0.3490658503988659,0.5235987755982988
5.064347557514677,5.8073289659597345,0.6399540590645875,0.5235987755982988,-1.5707963267948966
5.130939203646611,6.02976055433196,0.6399540590645875,0.5235987755982988,-1.3380857598623195
5.144439608905671,6.261553560909367,0.6399540590645875,0.5235987755982988,-1.105375192929742
5.104120962949892,6.490211964709982,0.6399540590645875,0.5235987755982988,-0.8726646259971648
5.0121568544188415,6.703408731998891,0.6399540590645875,0.5235987755982988,-0.6399540590645875
4.873505092207452,6.889650369867625,0.6399540590645875,0.5235987755982988,-0.40724349213201017
4.695640428705209,7.038896543411828,0.6399540590645875,0.5235987755982988,-0.17453292519943295
4.488151593960072,7.1431013527848,0.6399540590645875,0.5235987755982988,0.058177641733144485
4.262224364759634,7.196647089740834,0.6399540590645875,0.5235987755982988,0.2908882086657217
4.030038536509173,7.196647089740834,0.6399540590645875,0.5235987755982988,0.5235987755982988
4.291856844730644,6.246936679754203,0.6399540590645875,0.6981317007977318,-1.5707963267948966
4.318811974150821,6.477552550496643,0.6399540590645875,0.6981317007977318,-1.3380857598623195
4.291856844730644,6.708168421239083,0.6399540590645875,0.6981317007977318,-1.105375192929742
4.212444614474232,6.926351730697105,0.6399540590645875,0.6981317007977318,-0.8726646259971648
4.0848564172697985,7.120340160183183,0.6399540590645875,0.6981317007977318,-0.6399540590645875
3.9159705658536064,7.279675743251687,0.6399540590645875,0.6981317007977318,-0.40724349213201017
3.714891740189977,7.395768657376917,0.6399540590645875,0.6981317007977318,-0.17453292519943295
3.4924601518177503,7.462360303508851,0.6399540590645875,0.6981317007977318,0.058177641733144485
3.2606671452403444,7.475860708767911,0.6399540590645875,0.6981317007977318,0.2908882086657217
3.0320087414397303,7.435542062812132,0.6399540590645875,0.6981317007977318,0.5235987755982988
3.4547649232622666,6.545724160043387,0.6399540590645875,0.8726646259971648,-1.5707963267948966
3.4412645180032064,6.777517166620793,0.6399540590645875,0.8726646259971648,-1.3380857598623195
3.3746728718712724,6.99994875499302,0.6399540590645875,0.8726646259971648,-1.105375192929742
3.258579957746042,7.201027580656649,0.6399540590645875,0.8726646259971648,-0.8726646259971648
3.0992443746775376,7.369913432072841,0.6399540590645875,0.8726646259971648,-0.6399540590645875
2.9052559451914606,7.497501629277275,0.6399540590645875,0.8726646259971648,-0.40724349213201017
2.6870726357334385,7.576913859533687,0.6399540590645875,0.8726646259971648,-0.17453292519943295
2.4564567649909983,7.603868988953863,0.6399540590645875,0.8726646259971648,0.058177641733144485
2.225840894248558,7.576913859533687,0.6399540590645875,0.8726646259971648,0.2908882086657217
2.007657584790536,7.497501629277275,0.6399540590645875,0.8726646259971648,0.5235987755982988
2.578506407554411,6.694612900432467,0.6399540590645875,1.0471975511965976,-1.5707963267948966
2.5249606705983765,6.920540129632905,0.6399540590645875,1.0471975511965976,-1.3380857598623195
2.4207558612254045,7.128028964378043,0.6399540590645875,1.0471975511965976,-1.105375192929742
2.2715096876812018,7.305893627880286,0.6399540590645875,1.0471975511965976,-0.8726646259971648
2.085268049812468,7.444545390091675,0.6399540590645875,1.0471975511965976,-0.6399540590645875
1.8720712825235581,7.536509498622726,0.6399540590645875,1.0471975511965976,-0.40724349213201017
1.6434128787229438,7.576828144578505,0.6399540590645875,1.0471975511965976,-0.17453292519943295
1.4116198721455375,7.563327739319445,0.6399540590645875,1.0471975511965976,0.058177641733144485
1.1891882837733112,7.49673609318751,0.6399540590645875,1.0471975511965976,0.2908882086657217
0.9881094581096822,7.380643179062281,0.6399540590645875,1.0471975511965976,0.5235987755982988
7.097841998876901,1.8956067263963288,0.7369167952864947,-0.5235987755982988,-1.5707963267948966
7.317524192328744,1.9707731598659268,0.7369167952864947,-0.5235987755982988,-1.3380857598623195
7.5139502513195895,2.0945756727228044,0.7369167952864947,-0.5235987755982988,-1.105375192929742
7.67653079616625,2.260340039453762,0.7369167952864947,-0.5235987755982988,-0.8726646259971648
7.796501067613637,2.459129860141825,0.7369167952864947,-0.5235987755982988,-0.6399540590645875
7.867393437274876,2.680228324098875,0.7369167952864947,-0.5235987755982988,-0.40724349213201017
7.885386079151721,2.911715955903781,0.7369167952864947,-0.5235987755982988,-0.17453292519943295
7.849509005263371,3.141113197407602,0.7369167952864947,-0.5235987755982988,0.058177641733144485
7.761696357949582,3.3560531839436027,0.7369167952864947,-0.5235987755982988,0.2908882086657217
7.626682139756495,3.544948445202487,0.7369167952864947,-0.5235987755982988,0.5235987755982988
7.006288539910407,2.7796965450892333,0.7369167952864947,-0.3490658503988659,-1.5707963267948966
7.20958075302679,2.891868444095156,0.7369167952864947,-0.3490658503988659,-1.3380857598623195
7.381524578066425,3.04789914578906,0.7369167952864947,-0.3490658503988659,-1.105375192929742
7.512850478915421,3.2393769946555846,0.7369167952864947,-0.3490658503988659,-0.8726646259971648
7.59647864226657,3.4559793703001422,0.7369167952864947,-0.3490658503988659,-0.6399540590645875
7.627900652187265,3.686029182586299,0.7369167952864947,-0.3490658503988659,-0.40724349213201017
7.6054225399894,3.9171243865875343,0.7369167952864947,-0.3490658503988659,-0.17453292519943295
7.5302561065198015,4.1368065800393765,0.7369167952864947,-0.3490658503988659,0.058177641733144485
7.406453593662924,4.333232639030222,0.7369167952864947,-0.3490658503988659,0.2908882086657217
7.240689226931967,4.495813183876883,0.7369167952864947,-0.3490658503988659,0.5235987755982988
6.76260539779521,3.634456961588525,0.7369167952864947,-0.17453292519943295,-1.5707963267948966
6.943330699551418,3.7802260397411973,0.7369167952864947,-0.17453292519943295,-1.3380857598623195
7.085567864523785,3.963744016356503,0.7369167952864947,-0.17453292519943295,-1.105375192929742
7.181648850331935,4.175117389813253,0.7369167952864947,-0.17453292519943295,-0.8726646259971648
7.226393906161311,4.4029509668364355,0.7369167952864947,-0.17453292519943295,-0.6399540590645875
7.217390814470328,4.634962180316206,0.7369167952864947,-0.17453292519943295,-0.40724349213201017
7.1551249342624095,4.858643245680009,0.7369167952864947,-0.17453292519943295,-0.17453292519943295
7.042953035256486,5.061935458796393,0.7369167952864947,-0.17453292519943295,0.058177641733144485
6.886922333562582,5.233879283836027,0.7369167952864947,-0.17453292519943295,0.2908882086657217
6.695444484696058,5.365205184685023,0.7369167952864947,-0.17453292519943295,0.5235987755982988
6.37419676149486,4.433916513168518,0.7369167952864947,0.0,-1.5707963267948966
6.526863905048444,4.608853650790984,0.7369167952864947,0.0,-1.3380857598623195
6.635072605671337,4.814282801472812,0.7369167952864947,0.0,-1.105375192929742
6.692989304304183,5.0391292265273915,0.7369167952864947,0.0,-0.8726646259971648
6.697491696732502,5.271271396980702,0.7369167952864947,0.0,-0.6399540590645875
6.6483370578150875,5.498194468335844,0.7369167952864947,0.0,-0.40724349213201017
6.5481753268591785,5.707664959079214,0.7369167952864947,0.0,-0.17453292519943295
6.402406248706505,5.888390260835422,0.7369167952864947,0.0,0.058177641733144485
6.2188882720912,6.030627425807789,0.7369167952864947,0.0,0.2908882086657217
6.00751489863445,6.1267084116159385,0.7369167952864947,0.0,0.5235987755982988
5.852864230879087,5.153784025900505,0.7369167952864947,0.17453292519943295,-1.5707963267948966
5.972834502326474,5.352573846588569,0.7369167952864947,0.17453292519943295,-1.3380857598623195
6.043726871987712,5.573672310545618,0.7369167952864947,0.17453292519943295,-1.105375192929742
6.061719513864558,5.8051599423505245,0.7369167952864947,0.17453292519943295,-0.8726646259971648
6.025842439976208,6.0345571838543455,0.7369167952864947,0.17453292519943295,-0.6399540590645875
5.938029792662418,6.249497170390346,0.7369167952864947,0.17453292519943295,-0.40724349213201017
5.803015574469332,6.4383924316492305,0.7369167952864947,0.17453292519943295,-0.17453292519943295
5.628078436846866,6.591059575202815,0.7369167952864947,0.17453292519943295,0.058177641733144485
5.422649286165038,6.699268275825708,0.7369167952864947,0.17453292519943295,0.2908882086657217
5.197802861110459,6.7571849744585535,0.7369167952864947,0.17453292519943295,0.5235987755982988
5.214448231083664,5.77218668968066,0.7369167952864947,0.3490658503988659,-1.5707963267948966
5.298076394434813,5.988789065325217,0.7369167952864947,0.3490658503988659,-1.3380857598623195
5.329498404355508,6.2188388776113745,0.7369167952864947,0.3490658503988659,-1.105375192929742
5.307020292157643,6.449934081612609,0.7369167952864947,0.3490658503988659,-0.8726646259971648
5.231853858688044,6.669616275064452,0.7369167952864947,0.3490658503988659,-0.6399540590645875
5.108051345831167,6.866042334055297,0.7369167952864947,0.3490658503988659,-0.40724349213201017
4.94228697910021,7.028622878901958,0.7369167952864947,0.3490658503988659,-0.17453292519943295
4.743497158412146,7.148593150349345,0.7369167952864947,0.3490658503988659,0.058177641733144485
4.522398694455097,7.219485520010583,0.7369167952864947,0.3490658503988659,0.2908882086657217
4.29091106265019,7.237478161887429,0.7369167952864947,0.3490658503988659,0.5235987755982988
4.478346709208295,6.270334652496874,0.7369167952864947,0.5235987755982988,-1.5707963267948966
4.523091765037671,6.498168229520056,0.7369167952864947,0.5235987755982988,-1.3380857598623195
4.514088673346688,6.730179442999828,0.7369167952864947,0.5235987755982988,-1.105375192929742
4.45182279313877,6.95386050836363,0.7369167952864947,0.5235987755982988,-0.8726646259971648
4.339650894132847,7.1571527214800135,0.7369167952864947,0.5235987755982988,-0.6399540590645875
4.1836201924389425,7.329096546519648,0.7369167952864947,0.5235987755982988,-0.40724349213201017
3.992142343572418,7.460422447368645,0.7369167952864947,0.5235987755982988,-0.17453292519943295
3.7755399679278603,7.544050610719793,0.7369167952864947,0.5235987755982988,0.058177641733144485
3.5454901556417036,7.575472620640489,0.7369167952864947,0.5235987755982988,0.2908882086657217
3.3143949516404687,7.552994508442623,0.7369167952864947,0.5235987755982988,0.5235987755982988
3.6669257375098137,6.633091940574006,0.7369167952864947,0.6981317007977318,-1.5707963267948966
3.671428129938134,6.865234111027315,0.7369167952864947,0.6981317007977318,-1.3380857598623195
3.622273491020719,7.092157182382458,0.7369167952864947,0.6981317007977318,-1.105375192929742
3.5221117600648095,7.301627673125828,0.7369167952864947,0.6981317007977318,-0.8726646259971648
3.376342681912137,7.482352974882036,0.7369167952864947,0.6981317007977318,-0.6399540590645875
3.1928247052968315,7.624590139854403,0.7369167952864947,0.6981317007977318,-0.40724349213201017
2.9814513318400815,7.720671125662553,0.7369167952864947,0.6981317007977318,-0.17453292519943295
2.7536177548168994,7.765416181491929,0.7369167952864947,0.6981317007977318,0.058177641733144485
2.521606541337128,7.756413089800946,0.7369167952864947,0.6981317007977318,0.2908882086657217
2.297925475973326,7.6941472095930274,0.7369167952864947,0.6981317007977318,0.5235987755982988
2.8048399316144597,6.849436357277878,0.7369167952864947,0.8726646259971648,-1.5707963267948966
2.76896285772611,7.078833598781699,0.7369167952864947,0.8726646259971648,-1.3380857598623195
2.68115021041232,7.2937735853177,0.7369167952864947,0.8726646259971648,-1.105375192929742
2.5461359922192344,7.482668846576584,0.7369167952864947,0.8726646259971648,-0.8726646259971648
2.371198854596768,7.6353359901301685,0.7369167952864947,0.8726646259971648,-0.6399540590645875
2.1657697039149397,7.743544690753062,0.7369167952864947,0.8726646259971648,-0.40724349213201017
1.9409232788603608,7.801461389385907,0.7369167952864947,0.8726646259971648,-0.17453292519943295
1.7087811084070503,7.805963781814228,0.7369167952864947,0.8726646259971648,0.058177641733144485
1.4818580370519085,7.756809142896812,0.7369167952864947,0.8726646259971648,0.2908882086657217
1.2723875463085386,7.656647411940903,0.7369167952864947,0.8726646259971648,0.5235987755982988
1.9182833324978958,6.912794386982499,0.7369167952864947,1.0471975511965976,-1.5707963267948966
1.8431168990282978,7.132476580434342,0.7369167952864947,1.0471975511965976,-1.3380857598623195
1.7193143861714204,7.328902639425187,0.7369167952864947,1.0471975511965976,-1.105375192929742
1.553550019440463,7.491483184271848,0.7369167952864947,1.0471975511965976,-0.8726646259971648
1.3547601987523994,7.611453455719236,0.7369167952864947,1.0471975511965976,-0.6399540590645875
1.13366173479535,7.682345825380473,0.7369167952864947,1.0471975511965976,-0.40724349213201017
0.9021741029904438,7.700338467257319,0.7369167952864947,1.0471975511965976,-0.17453292519943295
0.6727768614866227,7.66446139336897,0.7369167952864947,1.0471975511965976,0.058177641733144485
0.4578368749506218,7.57664874605518,0.7369167952864947,1.0471975511965976,0.2908882086657217
0.2689416136917381,7.441634527862094,0.7369167952864947,1.0471975511965976,0.5235987755982988
6.8809866478871005,2.5738509385314634,0.8338795315084019,-0.5235987755982988,-1.5707963267948966
7.0923600213438505,2.669931924339612,0.8338795315084019,-0.5235987755982988,-1.3380857598623195
7.275877997959157,2.81216908931198,0.8338795315084019,-0.5235987755982988,-1.105375192929742
7.421647076111828,2.9928943910681873,0.8338795315084019,-0.5235987755982988,-0.8726646259971648
7.521808807067738,3.2023648818115578,0.8338795315084019,-0.5235987755982988,-0.6399540590645875
7.570963445985154,3.4292879531666998,0.8338795315084019,-0.5235987755982988,-0.40724349213201017
7.566461053556832,3.66143012362001,0.8338795315084019,-0.5235987755982988,-0.17453292519943295
7.508544354923988,3.8862765486745894,0.8338795315084019,-0.5235987755982988,0.058177641733144485
7.400335654301094,4.091705699356417,0.8338795315084019,-0.5235987755982988,0.2908882086657217
7.24766851074751,4.266642836978884,0.8338795315084019,-0.5235987755982988,0.5235987755982988
6.704273729085737,3.444924636730349,0.8338795315084019,-0.3490658503988659,-1.5707963267948966
6.895751577952262,3.576250537579346,0.8338795315084019,-0.3490658503988659,-1.3380857598623195
7.051782279646166,3.7481943626189804,0.8338795315084019,-0.3490658503988659,-1.105375192929742
7.163954178652089,3.9514865757353643,0.8338795315084019,-0.3490658503988659,-0.8726646259971648
7.226220058860007,4.175167641099167,0.8338795315084019,-0.3490658503988659,-0.6399540590645875
7.235223150550991,4.407178854578938,0.8338795315084019,-0.3490658503988659,-0.40724349213201017
7.190478094721614,4.63501243160212,0.8338795315084019,-0.3490658503988659,-0.17453292519943295
7.094397108913465,4.84638580505887,0.8338795315084019,-0.3490658503988659,0.058177641733144485
6.952159943941098,5.029903781674175,0.8338795315084019,-0.3490658503988659,0.2908882086657217
6.771434642184889,5.1756728598268475,0.8338795315084019,-0.3490658503988659,0.5235987755982988
6.378985116286911,4.272078891841566,0.8338795315084019,-0.17453292519943295,-1.5707963267948966
6.544749483017868,4.434659436688227,0.8338795315084019,-0.17453292519943295,-1.3380857598623195
6.668551995874745,4.631085495679073,0.8338795315084019,-0.17453292519943295,-1.105375192929742
6.7437184293443435,4.850767689130915,0.8338795315084019,-0.17453292519943295,-0.8726646259971648
6.766196541542209,5.08186289313215,0.8338795315084019,-0.17453292519943295,-0.6399540590645875
6.734774531621514,5.311912705418307,0.8338795315084019,-0.17453292519943295,-0.40724349213201017
6.651146368270366,5.5285150810628645,0.8338795315084019,-0.17453292519943295,-0.17453292519943295
6.5198204674213684,5.71999292992939,0.8338795315084019,-0.17453292519943295,0.058177641733144485
6.347876642381735,5.876023631623293,0.8338795315084019,-0.17453292519943295,0.2908882086657217
6.14458442926535,5.988195530629216,0.8338795315084019,-0.17453292519943295,0.5235987755982988
5.915004539386527,5.0301810403838125,0.8338795315084019,0.0,-1.5707963267948966
6.050018757579613,5.219076301642697,0.8338795315084019,0.0,-1.3380857598623195
6.1378314048934035,5.4340162881786975,0.8338795315084019,0.0,-1.105375192929742
6.173708478781753,5.6634135296825185,0.8338795315084019,0.0,-0.8726646259971648
6.155715836904907,5.894901161487425,0.8338795315084019,0.0,-0.6399540590645875
6.08482346724367,6.115999625444474,0.8338795315084019,0.0,-0.40724349213201017
5.964853195796282,6.314789446132538,0.8338795315084019,0.0,-0.17453292519943295
5.802272650949622,6.480553812863495,0.8338795315084019,0.0,0.058177641733144485
5.605846591958776,6.604356325720373,0.8338795315084019,0.0,0.2908882086657217
5.386164398506933,6.679522759189971,0.8338795315084019,0.0,0.5235987755982988
5.3264298134282075,5.696196532191827,0.8338795315084019,0.17453292519943295,-1.5707963267948966
5.4265915443841175,5.905667022935197,0.8338795315084019,0.17453292519943295,-1.3380857598623195
5.475746183301533,6.132590094290339,0.8338795315084019,0.17453292519943295,-1.105375192929742
5.471243790873212,6.364732264743649,0.8338795315084019,0.17453292519943295,-0.8726646259971648
5.413327092240367,6.589578689798229,0.8338795315084019,0.17453292519943295,-0.6399540590645875
5.305118391617474,6.795007840480056,0.8338795315084019,0.17453292519943295,-0.40724349213201017
5.1524512480638895,6.9699449781025224,0.8338795315084019,0.17453292519943295,-0.17453292519943295
4.963555986805005,7.104959196295609,0.8338795315084019,0.17453292519943295,0.058177641733144485
4.7486160002690045,7.192771843609399,0.8338795315084019,0.17453292519943295,0.2908882086657217
4.5192187587651835,7.228648917497749,0.8338795315084019,0.17453292519943295,0.5235987755982988
4.631144483627014,6.249888823567121,0.8338795315084019,0.3490658503988659,-1.5707963267948966
4.693410363834932,6.473569888930922,0.8338795315084019,0.3490658503988659,-1.3380857598623195
4.702413455525916,6.705581102410694,0.8338795315084019,0.3490658503988659,-1.105375192929742
4.657668399696539,6.933414679433876,0.8338795315084019,0.3490658503988659,-0.8726646259971648
4.56158741388839,7.144788052890626,0.8338795315084019,0.3490658503988659,-0.6399540590645875
4.419350248916023,7.3283060295059315,0.8338795315084019,0.3490658503988659,-0.40724349213201017
4.238624947159814,7.474075107658604,0.8338795315084019,0.3490658503988659,-0.17453292519943295
4.029154456416444,7.574236838614514,0.8338795315084019,0.3490658503988659,0.058177641733144485
3.8022313850613023,7.6233914775319285,0.8338795315084019,0.3490658503988659,0.2908882086657217
3.5700892146079926,7.618889085103609,0.8338795315084019,0.3490658503988659,0.5235987755982988
3.8502744428976006,6.674434254418079,0.8338795315084019,0.5235987755982988,-1.5707963267948966
3.8727525550954667,6.905529458419314,0.8338795315084019,0.5235987755982988,-1.3380857598623195
3.841330545174771,7.135579270705471,0.8338795315084019,0.5235987755982988,-1.105375192929742
3.7577023818236226,7.3521816463500285,0.8338795315084019,0.5235987755982988,-0.8726646259971648
3.626376480974626,7.543659495216553,0.8338795315084019,0.5235987755982988,-0.6399540590645875
3.4544326559349914,7.699690196910457,0.8338795315084019,0.5235987755982988,-0.40724349213201017
3.2511404428186075,7.81186209591638,0.8338795315084019,0.5235987755982988,-0.17453292519943295
3.027459377454805,7.874127976124298,0.8338795315084019,0.5235987755982988,0.058177641733144485
2.795448163975034,7.883131067815282,0.8338795315084019,0.5235987755982988,0.2908882086657217
2.567614586951852,7.8383860119859055,0.8338795315084019,0.5235987755982988,0.5235987755982988
3.0075460322882246,6.956933226658647,0.8338795315084019,0.6981317007977318,-1.5707963267948966
2.989553390411379,7.1884208584635525,0.8338795315084019,0.6981317007977318,-1.3380857598623195
2.918661020750141,7.409519322420603,0.8338795315084019,0.6981317007977318,-1.105375192929742
2.7986907493027537,7.6083091431086665,0.8338795315084019,0.6981317007977318,-0.8726646259971648
2.636110204456093,7.774073509839623,0.8338795315084019,0.6981317007977318,-0.6399540590645875
2.4396841454652476,7.897876022696501,0.8338795315084019,0.6981317007977318,-0.40724349213201017
2.2200019520134053,7.973042456166099,0.8338795315084019,0.6981317007977318,-0.17453292519943295
1.9889067480121698,7.995520568363965,0.8338795315084019,0.6981317007977318,0.058177641733144485
1.758856935726013,7.964098558443269,0.8338795315084019,0.6981317007977318,0.2908882086657217
1.542254560081456,7.8804703950921215,0.8338795315084019,0.6981317007977318,0.5235987755982988
2.1285651281141007,7.08880215196867,0.8338795315084019,0.8726646259971648,-1.5707963267948966
2.070648429481256,7.313648577023249,0.8338795315084019,0.8726646259971648,-1.3380857598623195
1.9624397288583624,7.519077727705077,0.8338795315084019,0.8726646259971648,-1.105375192929742
1.809772585304778,7.694014865327543,0.8338795315084019,0.8726646259971648,-0.8726646259971648
1.620877324045894,7.82902908352063,0.8338795315084019,0.8726646259971648,-0.6399540590645875
1.405937337509893,7.916841730834419,0.8338795315084019,0.8726646259971648,-0.40724349213201017
1.1765400960060723,7.952718804722769,0.8338795315084019,0.8726646259971648,-0.17453292519943295
0.9450524642011656,7.934726162845923,0.8338795315084019,0.8726646259971648,0.058177641733144485
0.7239540002441163,7.863833793184686,0.8338795315084019,0.8726646259971648,0.2908882086657217
0.5251641795560528,7.743863521737298,0.8338795315084019,0.8726646259971648,0.5235987755982988
1.2400391203627605,7.066034259781502,0.8338795315084019,1.0471975511965976,-1.5707963267948966
1.1439581345546115,7.277407633238252,0.8338795315084019,1.0471975511965976,-1.3380857598623195
1.001720969582244,7.4609256098535575,0.8338795315084019,1.0471975511965976,-1.105375192929742
0.8209956678260362,7.606694688006231,0.8338795315084019,1.0471975511965976,-0.8726646259971648
0.611525177082666,7.70685641896214,0.8338795315084019,1.0471975511965976,-0.6399540590645875
0.38460210572752396,7.7560110578795545,0.8338795315084019,1.0471975511965976,-0.40724349213201017
0.15245993527421395,7.751508665451235,0.8338795315084019,1.0471975511965976,-0.17453292519943295
-0.07238648978036566,7.693591966818389,0.8338795315084019,1.0471975511965976,0.058177641733144485
-0.27781564046219365,7.585383266195496,0.8338795315084019,1.0471975511965976,0.2908882086657217
-0.4527527780846595,7.432716122641912,0.8338795315084019,1.0471975511965976,0.5235987755982988
6.599488498038049,3.227915343754128,0.930842267730309,-0.5235987755982988,-1.5707963267948966
6.800567323701678,3.3440082578793584,0.930842267730309,-0.5235987755982988,-1.3380857598623195
6.96945317511787,3.503343840947863,0.930842267730309,-0.5235987755982988,-1.105375192929742
7.0970413723223045,3.69733227043394,0.930842267730309,-0.5235987755982988,-0.8726646259971648
7.176453602578716,3.915515579891962,0.930842267730309,-0.5235987755982988,-0.6399540590645875
7.203408731998892,4.146131450634402,0.930842267730309,-0.5235987755982988,-0.40724349213201017
7.176453602578716,4.376747321376842,0.930842267730309,-0.5235987755982988,-0.17453292519943295
7.0970413723223045,4.594930630834865,0.930842267730309,-0.5235987755982988,0.058177641733144485
6.96945317511787,4.788919060320942,0.930842267730309,-0.5235987755982988,0.2908882086657217
6.800567323701678,4.948254643389446,0.930842267730309,-0.5235987755982988,0.5235987755982988
6.339276232733012,4.077789699379712,0.930842267730309,-0.3490658503988659,-1.5707963267948966
6.517140896235255,4.227035872923914,0.930842267730309,-0.3490658503988659,-1.3380857598623195
6.655792658446645,4.413277510792648,0.930842267730309,-0.3490658503988659,-1.105375192929742
6.747756766977695,4.626474278081558,0.930842267730309,-0.3490658503988659,-0.8726646259971648
6.788075412933475,4.855132681882172,0.930842267730309,-0.3490658503988659,-0.6399540590645875
6.7745750076744145,5.086925688459578,0.930842267730309,-0.3490658503988659,-0.40724349213201017
6.70798336154248,5.309357276831805,0.930842267730309,-0.3490658503988659,-0.17453292519943295
6.59189044741725,5.510436102495434,0.930842267730309,-0.3490658503988659,0.058177641733144485
6.432554864348746,5.679321953911626,0.930842267730309,-0.3490658503988659,0.2908882086657217
6.238566434862668,5.80691015111606,0.930842267730309,-0.3490658503988659,0.5235987755982988
5.935438043331501,4.869567168209237,0.930842267730309,-0.17453292519943295,-1.5707963267948966
6.084684216875703,5.04743183171148,0.930842267730309,-0.17453292519943295,-1.3380857598623195
6.188889026248675,5.254920666456617,0.930842267730309,-0.17453292519943295,-1.105375192929742
6.2424347632047095,5.480847895657055,0.930842267730309,-0.17453292519943295,-0.8726646259971648
6.2424347632047095,5.7130337239075155,0.930842267730309,-0.17453292519943295,-0.6399540590645875
6.188889026248675,5.938960953107954,0.930842267730309,-0.17453292519943295,-0.40724349213201017
6.084684216875703,6.146449787853092,0.930842267730309,-0.17453292519943295,-0.17453292519943295
5.935438043331501,6.324314451355335,0.930842267730309,-0.17453292519943295,0.058177641733144485
5.749196405462767,6.462966213566724,0.930842267730309,-0.17453292519943295,0.2908882086657217
5.535999638173857,6.554930322097775,0.930842267730309,-0.17453292519943295,0.5235987755982988
5.400244348866497,5.579189992511051,0.930842267730309,0.0,-1.5707963267948966
5.516337262991727,5.78026881817468,0.930842267730309,0.0,-1.3380857598623195
5.582928909123662,6.002700406546907,0.930842267730309,0.0,-1.105375192929742
5.596429314382721,6.234493413124313,0.930842267730309,0.0,-0.8726646259971648
5.556110668426943,6.463151816924928,0.930842267730309,0.0,-0.6399540590645875
5.464146559895892,6.676348584213837,0.930842267730309,0.0,-0.40724349213201017
5.325494797684502,6.862590222082571,0.930842267730309,0.0,-0.17453292519943295
5.1476301341822595,7.011836395626774,0.930842267730309,0.0,0.058177641733144485
4.940141299437123,7.116041204999745,0.930842267730309,0.0,0.2908882086657217
4.714214070236684,7.16958694195578,0.930842267730309,0.0,0.5235987755982988
4.749956738923246,6.185096641855218,0.930842267730309,0.17453292519943295,-1.5707963267948966
4.829368969179658,6.403279951313239,0.930842267730309,0.17453292519943295,-1.3380857598623195
4.856324098599834,6.633895822055679,0.930842267730309,0.17453292519943295,-1.105375192929742
4.829368969179658,6.86451169279812,0.930842267730309,0.17453292519943295,-0.8726646259971648
4.749956738923246,7.082695002256141,0.930842267730309,0.17453292519943295,-0.6399540590645875
4.622368541718812,7.276683431742219,0.930842267730309,0.17453292519943295,-0.40724349213201017
4.45348269030262,7.436019014810723,0.930842267730309,0.17453292519943295,-0.17453292519943295
4.252403864638991,7.552111928935953,0.930842267730309,0.17453292519943295,0.058177641733144485
4.029972276266764,7.6187035750678875,0.930842267730309,0.17453292519943295,0.2908882086657217
3.7981792696893586,7.632203980326947,0.930842267730309,0.17453292519943295,0.5235987755982988
4.004333873468464,6.668876949304973,0.930842267730309,0.3490658503988659,-1.5707963267948966
4.044652519424243,6.897535353105588,0.930842267730309,0.3490658503988659,-1.3380857598623195
4.031152114165183,7.129328359682994,0.930842267730309,0.3490658503988659,-1.105375192929742
3.9645604680332482,7.3517599480552205,0.930842267730309,0.3490658503988659,-0.8726646259971648
3.8484675539080184,7.552838773718849,0.930842267730309,0.3490658503988659,-0.6399540590645875
3.689131970839514,7.7217246251350415,0.930842267730309,0.3490658503988659,-0.40724349213201017
3.495143541353437,7.849312822339476,0.930842267730309,0.3490658503988659,-0.17453292519943295
3.2769602318954147,7.928725052595888,0.930842267730309,0.3490658503988659,0.058177641733144485
3.0463443611529746,7.955680182016064,0.930842267730309,0.3490658503988659,0.2908882086657217
2.8157284904105344,7.928725052595888,0.930842267730309,0.3490658503988659,0.5235987755982988
3.1860311259656173,7.015831495023103,0.930842267730309,0.5235987755982988,-1.5707963267948966
3.1860311259656173,7.2480173232735625,0.930842267730309,0.5235987755982988,-1.3380857598623195
3.1324853890095827,7.473944552474001,0.930842267730309,0.5235987755982988,-1.105375192929742
3.028280579636611,7.681433387219139,0.930842267730309,0.5235987755982988,-0.8726646259971648
2.879034406092408,7.859298050721382,0.930842267730309,0.5235987755982988,-0.6399540590645875
2.6927927682236743,7.997949812932771,0.930842267730309,0.5235987755982988,-0.40724349213201017
2.4795960009347646,8.089913921463822,0.930842267730309,0.5235987755982988,-0.17453292519943295
2.25093759713415,8.1302325674196,0.930842267730309,0.5235987755982988,0.058177641733144485
2.019144590556744,8.116732162160542,0.930842267730309,0.5235987755982988,0.2908882086657217
1.7967130021845177,8.050140516028607,0.930842267730309,0.5235987755982988,0.5235987755982988
2.3199122113164132,7.215418240705435,0.930842267730309,0.6981317007977318,-1.5707963267948966
2.279593565360634,7.444076644506049,0.930842267730309,0.6981317007977318,-1.3380857598623195
2.1876294568295833,7.657273411794959,0.930842267730309,0.6981317007977318,-1.105375192929742
2.048977694618194,7.843515049663693,0.930842267730309,0.6981317007977318,-0.8726646259971648
1.8711130311159512,7.9927612232078955,0.930842267730309,0.6981317007977318,-0.6399540590645875
1.6636241963708138,8.096966032580868,0.930842267730309,0.6981317007977318,-0.40724349213201017
1.4376969671703754,8.150511769536902,0.930842267730309,0.6981317007977318,-0.17453292519943295
1.2055111389199147,8.150511769536902,0.930842267730309,0.6981317007977318,0.058177641733144485
0.9795839097194764,8.096966032580868,0.930842267730309,0.6981317007977318,0.2908882086657217
0.7720950749743394,7.9927612232078955,0.930842267730309,0.6981317007977318,0.5235987755982988
1.4322937144651458,7.261572844080179,0.930842267730309,0.8726646259971648,-1.5707963267948966
1.352881484208734,7.479756153538201,0.930842267730309,0.8726646259971648,-1.3380857598623195
1.2252932870042998,7.673744583024279,0.930842267730309,0.8726646259971648,-1.105375192929742
1.056407435588108,7.833080166092783,0.930842267730309,0.8726646259971648,-0.8726646259971648
0.8553286099244785,7.949173080218013,0.930842267730309,0.8726646259971648,-0.6399540590645875
0.6328970215522519,8.015764726349946,0.930842267730309,0.8726646259971648,-0.40724349213201017
0.40110401497484593,8.029265131609007,0.930842267730309,0.8726646259971648,-0.17453292519943295
0.17244561117423124,7.988946485653228,0.930842267730309,0.8726646259971648,0.058177641733144485
-0.04075115611467839,7.896982377122177,0.930842267730309,0.8726646259971648,0.2908882086657217
-0.22699279398341166,7.758330614910788,0.930842267730309,0.8726646259971648,0.5235987755982988
0.5501454742820135,7.152892920879146,0.930842267730309,1.0471975511965976,-1.5707963267948966
0.43405256015678384,7.353971746542775,0.930842267730309,1.0471975511965976,-1.3380857598623195
0.274716977088279,7.522857597958967,0.930842267730309,1.0471975511965976,-1.105375192929742
0.08072854760220188,7.650445795163401,0.930842267730309,1.0471975511965976,-0.8726646259971648
-0.13745476185582006,7.729858025419813,0.930842267730309,1.0471975511965976,-0.6399540590645875
-0.3680706325982603,7.756813154839989,0.930842267730309,1.0471975511965976,-0.40724349213201017
-0.5986865033407003,7.729858025419813,0.930842267730309,1.0471975511965976,-0.17453292519943295
-0.8168698127987225,7.650445795163401,0.930842267730309,1.0471975511965976,0.058177641733144485
-1.0108582422847996,7.522857597958967,0.930842267730309,1.0471975511965976,0.2908882086657217
-1.170193825353304,7.353971746542776,0.930842267730309,1.0471975511965976,0.5235987755982988
6.255992057917122,3.851655393912821,1.0278050039522162,-0.5235987755982988,-1.5707963267948966
6.444887319176006,3.986669612105907,1.0278050039522162,-0.5235987755982988,-1.3380857598623195
6.59755446272959,4.1616067497283735,1.0278050039522162,-0.5235987755982988,-1.105375192929742
6.705763163352484,4.367035900410201,1.0278050039522162,-0.5235987755982988,-0.8726646259971648
6.763679861985329,4.5918823254647805,1.0278050039522162,-0.5235987755982988,-0.6399540590645875
6.768182254413649,4.824024495918091,1.0278050039522162,-0.5235987755982988,-0.40724349213201017
6.719027615496234,5.050947567273233,1.0278050039522162,-0.5235987755982988,-0.17453292519943295
6.618865884540324,5.260418058016603,1.0278050039522162,-0.5235987755982988,0.058177641733144485
6.473096806387652,5.441143359772811,1.0278050039522162,-0.5235987755982988,0.2908882086657217
6.2895788297723465,5.583380524745178,1.0278050039522162,-0.5235987755982988,0.5235987755982988
5.9147249864029305,4.672346340168051,1.0278050039522162,-0.3490658503988659,-1.5707963267948966
6.077305531249591,4.838110706899008,1.0278050039522162,-0.3490658503988659,-1.3380857598623195
6.1972758026969785,5.036900527587072,1.0278050039522162,-0.3490658503988659,-1.105375192929742
6.268168172358216,5.257998991544121,1.0278050039522162,-0.3490658503988659,-0.8726646259971648
6.286160814235062,5.489486623349028,1.0278050039522162,-0.3490658503988659,-0.6399540590645875
6.250283740346712,5.718883864852849,1.0278050039522162,-0.3490658503988659,-0.40724349213201017
6.162471093032923,5.9338238513888495,1.0278050039522162,-0.3490658503988659,-0.17453292519943295
6.027456874839836,6.122719112647734,1.0278050039522162,-0.3490658503988659,0.058177641733144485
5.852519737217371,6.275386256201318,1.0278050039522162,-0.3490658503988659,0.2908882086657217
5.647090586535542,6.383594956824211,1.0278050039522162,-0.3490658503988659,0.5235987755982988
5.4361310412830095,5.421308741800958,1.0278050039522162,-0.17453292519943295,-1.5707963267948966
5.567456942132006,5.612786590667484,1.0278050039522162,-0.17453292519943295,-1.3380857598623195
5.651085105483155,5.829388966312041,1.0278050039522162,-0.17453292519943295,-1.105375192929742
5.68250711540385,6.059438778598198,1.0278050039522162,-0.17453292519943295,-0.8726646259971648
5.660029003205985,6.290533982599433,1.0278050039522162,-0.17453292519943295,-0.6399540590645875
5.584862569736386,6.510216176051276,1.0278050039522162,-0.17453292519943295,-0.40724349213201017
5.461060056879509,6.70664223504212,1.0278050039522162,-0.17453292519943295,-0.17453292519943295
5.295295690148552,6.869222779888782,1.0278050039522162,-0.17453292519943295,0.058177641733144485
5.096505869460488,6.989193051336169,1.0278050039522162,-0.17453292519943295,0.2908882086657217
4.875407405503439,7.060085420997407,1.0278050039522162,-0.17453292519943295,0.5235987755982988
4.834752057399612,6.0757857552311885,1.0278050039522162,0.0,-1.5707963267948966
4.930833043207761,6.2871591286879385,1.0278050039522162,0.0,-1.3380857598623195
4.975578099037137,6.514992705711121,1.0278050039522162,0.0,-1.105375192929742
4.9665750073461545,6.747003919190892,1.0278050039522162,0.0,-0.8726646259971648
4.9043091271382355,6.970684984554694,1.0278050039522162,0.0,-0.6399540590645875
4.792137228132313,7.173977197671078,1.0278050039522162,0.0,-0.40724349213201017
4.636106526438409,7.345921022710712,1.0278050039522162,0.0,-0.17453292519943295
4.444628677571884,7.47724692355971,1.0278050039522162,0.0,0.058177641733144485
4.2280263019273265,7.560875086910857,1.0278050039522162,0.0,0.2908882086657217
3.9979764896411703,7.592297096831553,1.0278050039522162,0.0,0.5235987755982988
4.128860630865583,6.615891427587011,1.0278050039522162,0.17453292519943295,-1.5707963267948966
4.186777329498428,6.84073785264159,1.0278050039522162,0.17453292519943295,-1.3380857598623195
4.191279721926749,7.072880023094901,1.0278050039522162,0.17453292519943295,-1.105375192929742
4.142125083009334,7.299803094450042,1.0278050039522162,0.17453292519943295,-0.8726646259971648
4.041963352053424,7.509273585193412,1.0278050039522162,0.17453292519943295,-0.6399540590645875
3.896194273900752,7.6899988869496205,1.0278050039522162,0.17453292519943295,-0.40724349213201017
3.712676297285446,7.832236051921988,1.0278050039522162,0.17453292519943295,-0.17453292519943295
3.501302923828696,7.928317037730137,1.0278050039522162,0.17453292519943295,0.058177641733144485
3.273469346805514,7.973062093559514,1.0278050039522162,0.17453292519943295,0.2908882086657217
3.0414581333257424,7.96405900186853,1.0278050039522162,0.17453292519943295,0.5235987755982988
3.339904915477864,7.025214921320552,1.0278050039522162,0.3490658503988659,-1.5707963267948966
3.3578975573547094,7.256702553125459,1.0278050039522162,0.3490658503988659,-1.3380857598623195
3.3220204834663596,7.48609979462928,1.0278050039522162,0.3490658503988659,-1.105375192929742
3.23420783615257,7.701039781165281,1.0278050039522162,0.3490658503988659,-0.8726646259971648
3.099193617959484,7.889935042424165,1.0278050039522162,0.3490658503988659,-0.6399540590645875
2.924256480337018,8.04260218597775,1.0278050039522162,0.3490658503988659,-0.40724349213201017
2.71882732965519,8.150810886600643,1.0278050039522162,0.3490658503988659,-0.17453292519943295
2.49398090460061,8.208727585233488,1.0278050039522162,0.3490658503988659,0.058177641733144485
2.2618387341473003,8.213229977661808,1.0278050039522162,0.3490658503988659,0.2908882086657217
2.0349156627921583,8.164075338744393,1.0278050039522162,0.3490658503988659,0.5235987755982988
2.4918569314176553,7.291319149202402,1.0278050039522162,0.5235987755982988,-1.5707963267948966
2.469378819219789,7.522414353203637,1.0278050039522162,0.5235987755982988,-1.3380857598623195
2.3942123857501914,7.74209654665548,1.0278050039522162,0.5235987755982988,-1.105375192929742
2.270409872893314,7.938522605646325,1.0278050039522162,0.5235987755982988,-0.8726646259971648
2.1046455061623566,8.101103150492985,1.0278050039522162,0.5235987755982988,-0.6399540590645875
1.9058556854742927,8.221073421940373,1.0278050039522162,0.5235987755982988,-0.40724349213201017
1.6847572215172435,8.291965791601612,1.0278050039522162,0.5235987755982988,-0.17453292519943295
1.4532695897123369,8.309958433478457,1.0278050039522162,0.5235987755982988,0.058177641733144485
1.2238723482085163,8.274081359590108,1.0278050039522162,0.5235987755982988,0.2908882086657217
1.0089323616725154,8.186268712276318,1.0278050039522162,0.5235987755982988,0.5235987755982988
1.610484187547637,7.406118668923605,1.0278050039522162,0.6981317007977318,-1.5707963267948966
1.5482183073397184,7.629799734287407,1.0278050039522162,0.6981317007977318,-1.3380857598623195
1.4360464083337956,7.833091947403791,1.0278050039522162,0.6981317007977318,-1.105375192929742
1.2800157066398916,8.005035772443426,1.0278050039522162,0.6981317007977318,-0.8726646259971648
1.0885378577733666,8.136361673292422,1.0278050039522162,0.6981317007977318,-0.6399540590645875
0.8719354821288092,8.21998983664357,1.0278050039522162,0.6981317007977318,-0.40724349213201017
0.6418856698426524,8.251411846564267,1.0278050039522162,0.6981317007977318,-0.17453292519943295
0.41079046584141704,8.2289337343664,1.0278050039522162,0.6981317007977318,0.058177641733144485
0.19110827238957434,8.153767300896803,1.0278050039522162,0.6981317007977318,0.2908882086657217
-0.005317786601270358,8.029964788039925,1.0278050039522162,0.6981317007977318,0.5235987755982988
0.7225667486941764,7.366125355168793,1.0278050039522162,0.8726646259971648,-1.5707963267948966
0.6224050177382671,7.575595845912163,1.0278050039522162,0.8726646259971648,-1.3380857598623195
0.4766359395855946,7.7563211476683716,1.0278050039522162,0.8726646259971648,-1.105375192929742
0.2931179629702889,7.898558312640739,1.0278050039522162,0.8726646259971648,-0.8726646259971648
0.08174458951353913,7.994639298448888,1.0278050039522162,0.8726646259971648,-0.6399540590645875
-0.1460889875096431,8.039384354278264,1.0278050039522162,0.8726646259971648,-0.40724349213201017
-0.3781002009894144,8.030381262587282,1.0278050039522162,0.8726646259971648,-0.17453292519943295
-0.6017812663532166,7.968115382379363,1.0278050039522162,0.8726646259971648,0.058177641733144485
-0.8050734794696006,7.85594348337344,1.0278050039522162,0.8726646259971648,0.2908882086657217
-0.9770173045092347,7.6999127816795365,1.0278050039522162,0.8726646259971648,0.5235987755982988
-0.1449164630710691,7.172554384538813,1.0278050039522162,1.0471975511965976,-1.5707963267948966
-0.2799306812641549,7.361449645797697,1.0278050039522162,1.0471975511965976,-1.3380857598623195
-0.4548678188866211,7.514116789351282,1.0278050039522162,1.0471975511965976,-1.105375192929742
-0.6602969695684493,7.622325489974175,1.0278050039522162,1.0471975511965976,-0.8726646259971648
-0.8851433946230286,7.68024218860702,1.0278050039522162,1.0471975511965976,-0.6399540590645875
-1.1172855650763387,7.684744581035341,1.0278050039522162,1.0471975511965976,-0.40724349213201017
-1.3442086364314805,7.635589942117925,1.0278050039522162,1.0471975511965976,-0.17453292519943295
-1.553679127174851,7.535428211162016,1.0278050039522162,1.0471975511965976,0.058177641733144485
-1.7344044289310587,7.389659133009344,1.0278050039522162,1.0471975511965976,0.2908882086657217
-1.8766415939034262,7.206141156394038,1.0278050039522162,1.0471975511965976,0.5235987755982988
5.853724273371458,4.439211420232386,1.1247677401741234,-0.5235987755982988,-1.5707963267948966
6.028661410993924,4.59187856378597,1.1247677401741234,-0.5235987755982988,-1.3380857598623195
6.16367562918701,4.780773825044855,1.1247677401741234,-0.5235987755982988,-1.105375192929742
6.2514882765008,4.995713811580855,1.1247677401741234,-0.5235987755982988,-0.8726646259971648
6.28736535038915,5.225111053084676,1.1247677401741234,-0.5235987755982988,-0.6399540590645875
6.269372708512304,5.456598684889583,1.1247677401741234,-0.5235987755982988,-0.40724349213201017
6.198480338851066,5.677697148846632,1.1247677401741234,-0.5235987755982988,-0.17453292519943295
6.078510067403679,5.876486969534696,1.1247677401741234,-0.5235987755982988,0.058177641733144485
5.915929522557018,6.042251336265653,1.1247677401741234,-0.5235987755982988,0.2908882086657217
5.719503463566173,6.16605384912253,1.1247677401741234,-0.5235987755982988,0.5235987755982988
5.434608397896049,5.223009051186745,1.1247677401741234,-0.3490658503988659,-1.5707963267948966
5.580377476048722,5.403734352942953,1.1247677401741234,-0.3490658503988659,-1.3380857598623195
5.680539207004632,5.613204843686323,1.1247677401741234,-0.3490658503988659,-1.105375192929742
5.729693845922046,5.840127915041465,1.1247677401741234,-0.3490658503988659,-0.8726646259971648
5.725191453493726,6.072270085494775,1.1247677401741234,-0.3490658503988659,-0.6399540590645875
5.667274754860881,6.297116510549355,1.1247677401741234,-0.3490658503988659,-0.40724349213201017
5.559066054237988,6.502545661231182,1.1247677401741234,-0.3490658503988659,-0.17453292519943295
5.406398910684404,6.6774827988536485,1.1247677401741234,-0.3490658503988659,0.058177641733144485
5.217503649425519,6.812497017046735,1.1247677401741234,-0.3490658503988659,0.2908882086657217
5.002563662889519,6.900309664360525,1.1247677401741234,-0.3490658503988659,0.5235987755982988
4.885754804042485,5.922120326935612,1.1247677401741234,-0.17453292519943295,-1.5707963267948966
4.9979267030484085,6.125412540051997,1.1247677401741234,-0.17453292519943295,-1.3380857598623195
5.060192583256327,6.349093605415799,1.1247677401741234,-0.17453292519943295,-1.105375192929742
5.06919567494731,6.58110481889557,1.1247677401741234,-0.17453292519943295,-0.8726646259971648
5.024450619117934,6.808938395918752,1.1247677401741234,-0.17453292519943295,-0.6399540590645875
4.928369633309784,7.020311769375502,1.1247677401741234,-0.17453292519943295,-0.40724349213201017
4.786132468337417,7.203829745990808,1.1247677401741234,-0.17453292519943295,-0.17453292519943295
4.605407166581209,7.349598824143481,1.1247677401741234,-0.17453292519943295,0.058177641733144485
4.395936675837839,7.44976055509939,1.1247677401741234,-0.17453292519943295,0.2908882086657217
4.169013604482697,7.498915194016805,1.1247677401741234,-0.17453292519943295,0.5235987755982988
4.22384013052669,6.515303105132737,1.1247677401741234,0.0,-1.5707963267948966
4.299006563996287,6.734985298584578,1.1247677401741234,0.0,-1.3380857598623195
4.321484676194154,6.966080502585814,1.1247677401741234,0.0,-1.105375192929742
4.2900626662734584,7.196130314871971,1.1247677401741234,0.0,-0.8726646259971648
4.20643450292231,7.4127326905165285,1.1247677401741234,0.0,-0.6399540590645875
4.075108602073313,7.604210539383053,1.1247677401741234,0.0,-0.40724349213201017
3.9031647770336786,7.760241241076957,1.1247677401741234,0.0,-0.17453292519943295
3.6998725639172942,7.87241314008288,1.1247677401741234,0.0,0.058177641733144485
3.4761914985534927,7.934679020290798,1.1247677401741234,0.0,0.2908882086657217
3.244180285073721,7.943682111981782,1.1247677401741234,0.0,0.5235987755982988
3.468976319758452,6.984533827227566,1.1247677401741234,0.17453292519943295,-1.5707963267948966
3.504853393646802,7.213931068731387,1.1247677401741234,0.17453292519943295,-1.3380857598623195
3.4868607517699566,7.445418700536294,1.1247677401741234,0.17453292519943295,-1.105375192929742
3.4159683821087183,7.666517164493343,1.1247677401741234,0.17453292519943295,-0.8726646259971648
3.295998110661331,7.865306985181407,1.1247677401741234,0.17453292519943295,-0.6399540590645875
3.1334175658146703,8.031071351912365,1.1247677401741234,0.17453292519943295,-0.40724349213201017
2.9369915068238255,8.154873864769241,1.1247677401741234,0.17453292519943295,-0.17453292519943295
2.7173093133719823,8.23004029823884,1.1247677401741234,0.17453292519943295,0.058177641733144485
2.4862141093707475,8.252518410436705,1.1247677401741234,0.17453292519943295,0.2908882086657217
2.2561642970845908,8.22109640051601,1.1247677401741234,0.17453292519943295,0.5235987755982988
2.6440995266484464,7.31555515517145,1.1247677401741234,0.3490658503988659,-1.5707963267948966
2.6395971342201254,7.54769732562476,1.1247677401741234,0.3490658503988659,-1.3380857598623195
2.581680435587281,7.77254375067934,1.1247677401741234,0.3490658503988659,-1.105375192929742
2.473471734964387,7.977972901361167,1.1247677401741234,0.3490658503988659,-0.8726646259971648
2.320804591410803,8.152910038983634,1.1247677401741234,0.3490658503988659,-0.6399540590645875
2.131909330151919,8.28792425717672,1.1247677401741234,0.3490658503988659,-0.40724349213201017
1.9169693436159179,8.375736904490509,1.1247677401741234,0.3490658503988659,-0.17453292519943295
1.687572102112097,8.41161397837886,1.1247677401741234,0.3490658503988659,0.058177641733144485
1.4560844703071907,8.393621336502013,1.1247677401741234,0.3490658503988659,0.2908882086657217
1.2349860063501412,8.322728966840776,1.1247677401741234,0.3490658503988659,0.5235987755982988
1.774273215147522,7.498309173419692,1.1247677401741234,0.5235987755982988,-1.5707963267948966
1.7295281593181455,7.726142750442874,1.1247677401741234,0.5235987755982988,-1.3380857598623195
1.6334471735099965,7.937516123899624,1.1247677401741234,0.5235987755982988,-1.105375192929742
1.4912100085376292,8.12103410051493,1.1247677401741234,0.5235987755982988,-0.8726646259971648
1.3104847067814211,8.266803178667603,1.1247677401741234,0.5235987755982988,-0.6399540590645875
1.101014216038051,8.366964909623512,1.1247677401741234,0.5235987755982988,-0.40724349213201017
0.8740911446829092,8.416119548540927,1.1247677401741234,0.5235987755982988,-0.17453292519943295
0.6419489742295987,8.411617156112607,1.1247677401741234,0.5235987755982988,0.058177641733144485
0.41710254917501954,8.353700457479762,1.1247677401741234,0.5235987755982988,0.2908882086657217
0.21167339849319167,8.245491756856868,1.1247677401741234,0.5235987755982988,0.5235987755982988
0.8859266175772852,7.527242993605815,1.1247677401741234,0.6981317007977318,-1.5707963267948966
0.802298454226137,7.743845369250372,1.1247677401741234,0.6981317007977318,-1.3380857598623195
0.6709725533771401,7.9353232181168964,1.1247677401741234,0.6981317007977318,-1.105375192929742
0.499028728337506,8.0913539198108,1.1247677401741234,0.6981317007977318,-0.8726646259971648
0.29573651522112177,8.203525818816724,1.1247677401741234,0.6981317007977318,-0.6399540590645875
0.07205544985731974,8.265791699024643,1.1247677401741234,0.6981317007977318,-0.40724349213201017
-0.1599557636224515,8.274794790715625,1.1247677401741234,0.6981317007977318,-0.17453292519943295
-0.387789340645634,8.230049734886249,1.1247677401741234,0.6981317007977318,0.058177641733144485
-0.5991627141023836,8.1339687490781,1.1247677401741234,0.6981317007977318,0.2908882086657217
-0.7826806907176891,7.991731584105732,1.1247677401741234,0.6981317007977318,0.5235987755982988
0.006051695779835331,7.401477476244673,1.1247677401741234,0.8726646259971648,-1.5707963267948966
-0.11391857566755159,7.600267296932737,1.1247677401741234,0.8726646259971648,-1.3380857598623195
-0.27649912051421266,7.766031663663694,1.1247677401741234,0.8726646259971648,-1.105375192929742
-0.4729251795050578,7.889834176520571,1.1247677401741234,0.8726646259971648,-0.8726646259971648
-0.6926073729569004,7.965000609990169,1.1247677401741234,0.8726646259971648,-0.6399540590645875
-0.9237025769581356,7.987478722188035,1.1247677401741234,0.8726646259971648,-0.40724349213201017
-1.1537523892442925,7.95605671226734,1.1247677401741234,0.8726646259971648,-0.17453292519943295
-1.37035476488885,7.872428548916191,1.1247677401741234,0.8726646259971648,0.058177641733144485
-1.5618326137553749,7.741102648067194,1.1247677401741234,0.8726646259971648,0.2908882086657217
-1.7178633154492786,7.569158823027561,1.1247677401741234,0.8726646259971648,0.5235987755982988
-0.8386169959842,7.124833942940874,1.1247677401741234,1.0471975511965976,-1.5707963267948966
-0.9912841395377842,7.29977108056334,1.1247677401741234,1.0471975511965976,-1.3380857598623195
-1.1801794007966684,7.4347852987564265,1.1247677401741234,1.0471975511965976,-1.105375192929742
-1.3951193873326695,7.522597946070216,1.1247677401741234,1.0471975511965976,-0.8726646259971648
-1.62451662883649,7.558475019958566,1.1247677401741234,1.0471975511965976,-0.6399540590645875
-1.8560042606413967,7.54048237808172,1.1247677401741234,1.0471975511965976,-0.40724349213201017
-2.0771027245984457,7.469590008420482,1.1247677401741234,1.0471975511965976,-0.17453292519943295
-2.2758925452865095,7.349619736973095,1.1247677401741234,1.0471975511965976,0.058177641733144485
-2.441656912017467,7.187039192126434,1.1247677401741234,1.0471975511965976,0.2908882086657217
-2.5654594248743443,6.990613133135589,1.1247677401741234,1.0471975511965976,0.5235987755982988
5.396464212260737,4.985063681435671,1.2217304763960306,-0.5235987755982988,-1.5707963267948966
5.555799795329241,5.153949532851863,1.2217304763960306,-0.5235987755982988,-1.3380857598623195
5.671892709454471,5.355028358515492,1.2217304763960306,-0.5235987755982988,-1.105375192929742
5.738484355586405,5.577459946887719,1.2217304763960306,-0.5235987755982988,-0.8726646259971648
5.751984760845465,5.8092529534651245,1.2217304763960306,-0.5235987755982988,-0.6399540590645875
5.711666114889686,6.037911357265739,1.2217304763960306,-0.5235987755982988,-0.40724349213201017
5.619702006358636,6.251108124554649,1.2217304763960306,-0.5235987755982988,-0.17453292519943295
5.481050244147246,6.437349762423382,1.2217304763960306,-0.5235987755982988,0.058177641733144485
5.303185580645003,6.586595935967585,1.2217304763960306,-0.5235987755982988,0.2908882086657217
5.0956967458998665,6.690800745340557,1.2217304763960306,-0.5235987755982988,0.5235987755982988
4.9034368785309805,5.724604682030304,1.2217304763960306,-0.3490658503988659,-1.5707963267948966
5.031025075735415,5.918593111516381,1.2217304763960306,-0.3490658503988659,-1.3380857598623195
5.110437305991827,6.136776420974403,1.2217304763960306,-0.3490658503988659,-1.105375192929742
5.137392435412003,6.367392291716843,1.2217304763960306,-0.3490658503988659,-0.8726646259971648
5.110437305991827,6.5980081624592835,1.2217304763960306,-0.3490658503988659,-0.6399540590645875
5.031025075735415,6.816191471917305,1.2217304763960306,-0.3490658503988659,-0.40724349213201017
4.9034368785309805,7.010179901403382,1.2217304763960306,-0.3490658503988659,-0.17453292519943295
4.734551027114788,7.169515484471887,1.2217304763960306,-0.3490658503988659,0.058177641733144485
4.5334722014511595,7.285608398597117,1.2217304763960306,-0.3490658503988659,0.2908882086657217
4.311040613078934,7.352200044729051,1.2217304763960306,-0.3490658503988659,0.5235987755982988
4.289479790763745,6.367297095044146,1.2217304763960306,-0.17453292519943295,-1.5707963267948966
4.381443899294795,6.580493862333055,1.2217304763960306,-0.17453292519943295,-1.3380857598623195
4.421762545250575,6.80915226613367,1.2217304763960306,-0.17453292519943295,-1.105375192929742
4.408262139991514,7.040945272711076,1.2217304763960306,-0.17453292519943295,-0.8726646259971648
4.3416704938595805,7.2633768610833025,1.2217304763960306,-0.17453292519943295,-0.6399540590645875
4.225577579734351,7.464455686746931,1.2217304763960306,-0.17453292519943295,-0.40724349213201017
4.066241996665846,7.6333415381631236,1.2217304763960306,-0.17453292519943295,-0.17453292519943295
3.8722535671797687,7.760929735367558,1.2217304763960306,-0.17453292519943295,0.058177641733144485
3.6540702577217465,7.84034196562397,1.2217304763960306,-0.17453292519943295,0.2908882086657217
3.4234543869793064,7.867297095044146,1.2217304763960306,-0.17453292519943295,0.5235987755982988
3.5732477243935588,6.893613036725825,1.2217304763960306,0.0,-1.5707963267948966
3.626793461349593,7.119540265926263,1.2217304763960306,0.0,-1.3380857598623195
3.6267934613495934,7.3517260941767235,1.2217304763960306,0.0,-1.105375192929742
3.5732477243935588,7.577653323377162,1.2217304763960306,0.0,-0.8726646259971648
3.469042915020587,7.7851421581223,1.2217304763960306,0.0,-0.6399540590645875
3.319796741476384,7.963006821624543,1.2217304763960306,0.0,-0.40724349213201017
3.1335551036076503,8.101658583835933,1.2217304763960306,0.0,-0.17453292519943295
2.9203583363187406,8.193622692366983,1.2217304763960306,0.0,0.058177641733144485
2.691699932518126,8.233941338322762,1.2217304763960306,0.0,0.2908882086657217
2.4599069259407202,8.220440933063703,1.2217304763960306,0.0,0.5235987755982988
2.7765030283261662,7.287560663516063,1.2217304763960306,0.17453292519943295,-1.5707963267948966
2.7900034335852264,7.5193536700934684,1.2217304763960306,0.17453292519943295,-1.3380857598623195
2.7496847876294472,7.748012073894083,1.2217304763960306,0.17453292519943295,-1.105375192929742
2.6577206790983965,7.961208841182993,1.2217304763960306,0.17453292519943295,-0.8726646259971648
2.519068916887007,8.147450479051725,1.2217304763960306,0.17453292519943295,-0.6399540590645875
2.341204253384764,8.29669665259593,1.2217304763960306,0.17453292519943295,-0.40724349213201017
2.133715418639627,8.400901461968902,1.2217304763960306,0.17453292519943295,-0.17453292519943295
1.9077881894391882,8.454447198924935,1.2217304763960306,0.17453292519943295,0.058177641733144485
1.6756023611887279,8.454447198924935,1.2217304763960306,0.17453292519943295,0.2908882086657217
1.4496751319882892,8.400901461968902,1.2217304763960306,0.17453292519943295,0.5235987755982988
1.9234543869793064,7.537170076121953,1.2217304763960306,0.3490658503988659,-1.5707963267948966
1.8964992575591304,7.767785946864393,1.2217304763960306,0.3490658503988659,-1.3380857598623195
1.8170870273027184,7.985969256322415,1.2217304763960306,0.3490658503988659,-1.105375192929742
1.6894988300982847,8.179957685808493,1.2217304763960306,0.3490658503988659,-0.8726646259971648
1.5206129786820926,8.339293268876997,1.2217304763960306,0.3490658503988659,-0.6399540590645875
1.3195341530184632,8.455386183002227,1.2217304763960306,0.3490658503988659,-0.40724349213201017
1.097102564646237,8.52197782913416,1.2217304763960306,0.3490658503988659,-0.17453292519943295
0.8653095580688304,8.53547823439322,1.2217304763960306,0.3490658503988659,0.058177641733144485
0.6366511542682161,8.495159588437442,1.2217304763960306,0.3490658503988659,0.2908882086657217
0.42345438697930665,8.403195479906392,1.2217304763960306,0.3490658503988659,0.5235987755982988
1.0400212516568637,7.634857018849923,1.2217304763960306,0.5235987755982988,-1.5707963267948966
0.9734296055249296,7.8572886072221495,1.2217304763960306,0.5235987755982988,-1.3380857598623195
0.8573366913996995,8.05836743288578,1.2217304763960306,0.5235987755982988,-1.105375192929742
0.698001108331195,8.227253284301971,1.2217304763960306,0.5235987755982988,-0.8726646259971648
0.5040126788451178,8.354841481506405,1.2217304763960306,0.5235987755982988,-0.6399540590645875
0.2858293693870958,8.434253711762818,1.2217304763960306,0.5235987755982988,-0.40724349213201017
0.05521349864465581,8.461208841182993,1.2217304763960306,0.5235987755982988,-0.17453292519943295
-0.17540237209778467,8.434253711762818,1.2217304763960306,0.5235987755982988,0.058177641733144485
-0.39358568155580664,8.354841481506405,1.2217304763960306,0.5235987755982988,0.2908882086657217
-0.5875741110418834,8.227253284301971,1.2217304763960306,0.5235987755982988,0.5235987755982988
0.1530462911368704,7.577653323377164,1.2217304763960306,0.6981317007977318,-1.5707963267948966
0.048841481763898686,7.7851421581223015,1.2217304763960306,0.6981317007977318,-1.3380857598623195
-0.10040469178030431,7.963006821624544,1.2217304763960306,0.6981317007977318,-1.105375192929742
-0.286646329649038,8.101658583835935,1.2217304763960306,0.6981317007977318,-0.8726646259971648
-0.49984309693794776,8.193622692366985,1.2217304763960306,0.6981317007977318,-0.6399540590645875
-0.7285015007385622,8.233941338322763,1.2217304763960306,0.6981317007977318,-0.40724349213201017
-0.9602945073159682,8.220440933063703,1.2217304763960306,0.6981317007977318,-0.17453292519943295
-1.1827260956881949,8.15384928693177,1.2217304763960306,0.6981317007977318,0.058177641733144485
-1.3838049213518242,8.03775637280654,1.2217304763960306,0.6981317007977318,0.2908882086657217
-1.552690772768016,7.878420789738035,1.2217304763960306,0.6981317007977318,0.5235987755982988
-0.7105202092362541,7.367297095044146,1.2217304763960306,0.8726646259971648,-1.5707963267948966
-0.8491719714476437,7.553538732912879,1.2217304763960306,0.8726646259971648,-1.3380857598623195
-1.0270366349498867,7.702784906457082,1.2217304763960306,0.8726646259971648,-1.105375192929742
-1.2345254696950239,7.806989715830054,1.2217304763960306,0.8726646259971648,-0.8726646259971648
-1.4604526988954625,7.860535452786088,1.2217304763960306,0.8726646259971648,-0.6399540590645875
-1.692638527145923,7.860535452786088,1.2217304763960306,0.8726646259971648,-0.40724349213201017
-1.9185657563463612,7.8069897158300545,1.2217304763960306,0.8726646259971648,-0.17453292519943295
-2.1260545910914987,7.702784906457082,1.2217304763960306,0.8726646259971648,0.058177641733144485
-2.3039192545937413,7.553538732912879,1.2217304763960306,0.8726646259971648,0.2908882086657217
-2.442571016805131,7.367297095044146,1.2217304763960306,0.8726646259971648,0.5235987755982988
-1.5244392183344122,7.010179901403383,1.2217304763960306,1.0471975511965976,-1.5707963267948966
-1.6933250697506042,7.169515484471887,1.2217304763960306,1.0471975511965976,-1.3380857598623195
-1.8944038954142335,7.285608398597117,1.2217304763960306,1.0471975511965976,-1.105375192929742
-2.1168354837864602,7.352200044729051,1.2217304763960306,1.0471975511965976,-0.8726646259971648
-2.348628490363866,7.365700449988111,1.2217304763960306,1.0471975511965976,-0.6399540590645875
-2.5772868941644806,7.325381804032332,1.2217304763960306,1.0471975511965976,-0.40724349213201017
-2.7904836614533903,7.233417695501282,1.2217304763960306,1.0471975511965976,-0.17453292519943295
-2.976725299322124,7.094765933289892,1.2217304763960306,1.0471975511965976,0.058177641733144485
-3.125971472866327,6.916901269787649,1.2217304763960306,1.0471975511965976,0.2908882086657217
-3.2301762822392988,6.709412435042513,1.2217304763960306,1.0471975511965976,0.5235987755982988
